99.272109868329,-21.5578202180224,5.63443192074188,94.2526410410091,-18.4365171016735,8.25690079938495,-113.150854909549,2.20134883549743,-0.642607357904297,108.007135401942,-8.82532773905543,5.48550221571141,-98.2173454540614,10.5106306199868,8.7867823213354,Neutral
-5.75239577331103,-1.06443380340563,-1.35445475371174,-10.1459980020487,1.13630004083465,0.640387039061897,1.74080213667019,3.72861195623047,-4.31589921015923,-11.8844001540338,-1.98671385901102,-0.845788894253796,5.97265594680658,-2.53157935664305,-3.29031484983853,Neutral
-8.7994169480429,1.15912442345624,1.72009237168523,-11.2017492876586,1.36144187492559,0.966642900330451,2.53651153569367,4.72859578508032,-6.48685117622956,-11.8863220456973,-1.3550774620292,-0.589343409128129,6.33892446751489,-2.07053672696551,-3.57426367266143,Neutral
-11.0552083033072,1.54891740029184,1.44480983840158,-12.5815058711814,1.69451773575304,0.567248626109153,2.64228654724847,4.62594387223908,-5.17326376305429,-11.1447116430915,-1.54714586345868,0.38144948479533,4.7184713846419,1.21478182189597,-2.33183397687367,Neutral
-5.42880922703629,-3.89714441851807,0.273672105259173,-5.56868445732676,-1.95680416231337,-0.772726110529893,3.13796007454386,4.36887221144897,-4.69086746835635,-11.4493436721455,-1.03995364755837,0.117786265469195,3.99681256608715,2.637874581412,-1.5796657479211,Neutral
-1.52168540780028,-5.89876216658846,0.395749803406636,-0.131308971819305,-4.67595189384421,0.400494675143299,3.07098297043023,5.73992621333531,-3.8179232779292,-11.9053405769697,-0.435300230482222,-1.15641662670897,5.7378305465082,-0.491037714237028,-0.615916980216529,Neutral
-10.4707717988997,1.85945353097573,0.444031466477187,-9.78336581850656,1.90313426064235,0.942633960217852,2.37250251816943,3.19267436700723,-5.54304697604058,-11.0649321251131,0.142233219656093,-0.711635601672961,5.15772982569877,0.857914243735749,0.0450465212261213,Neutral
-11.6016354964634,2.19804000763846,-1.74742943425349,-10.6517165691557,1.52882255282883,-2.08289903527469,1.80733266168613,2.15384057655782,-5.57944908393744,-9.52825608291485,-1.17616079497582,-1.47962546454591,4.9351249715288,-1.40881742712154,4.09017965503025,Neutral
-11.8207233808741,2.20452048868986,-1.14592029109893,-11.0990133124096,1.53742885877052,-2.07430612933599,2.21969930872838,3.32766874203934,-3.56017653907467,-9.06187722631043,-2.00639545403394,-1.57349315362788,5.92647846799917,-0.148451448900618,3.95894318093047,Neutral
-12.5083186796809,2.45366018262662,-0.969742069678274,-12.1678754234685,1.81026310731477,-1.48570778080145,3.5835828271962,2.50244518990887,-4.71566101286889,-9.58238252307951,-1.49260411690056,-1.47083754075823,6.29203096384135,0.384706984197627,0.776007380216687,Neutral
-13.785853900848,1.55774528502029,-0.445005451599108,-11.7539313698026,-0.0595392931967093,-0.455430139484694,1.83255955465538,3.1099676876041,-4.0085752247023,-8.80947997869947,-1.65776106321714,0.252160307734254,5.3821805764217,-0.317819967306858,1.63453989959512,Neutral
-12.9875212128854,0.555399150294326,-0.622202908884676,-11.0297711924816,-0.386184502314936,-0.292985813017839,-0.440258813797401,2.69945966873155,-4.10998541307322,-9.3613121507622,-2.84364581509148,0.115398384791667,5.49608945870345,-0.494920225730141,2.22978458375654,Neutral
-13.0842598177141,2.00830550075804,-0.563326238241948,-12.1225250772249,2.00950943148137,1.02699229467588,0.743361788621922,3.04513097795569,-4.41825545538076,-9.61660341700219,-2.04964632550665,0.904272888409721,5.84192116691489,-0.179745970217377,0.86767150116541,Neutral
-8.91557442658652,1.41796283897024,0.832161826526708,-7.74626869504834,1.59993649523698,2.78291627360453,-0.844300686942939,2.06681853398105,-5.49529069517695,-8.70738351870777,-0.520984484120537,2.15356264274991,5.70303575428879,0.610015405214665,-0.101758697502965,Neutral
-0.489638508531397,-6.35052876762869,-2.33578986544279,-1.42596025521486,-5.32864941425964,-2.25212263029951,-0.0195888012324722,2.84182377997046,-4.87601438997686,-8.93463820220928,-2.31169494926313,-0.946146269875282,4.27625685867829,2.8346989861463,-0.205857483820719,Neutral
-6.06910025455401,-4.52940722447625,-2.25991952064886,-8.81047271239149,-1.86927991519883,-1.94988821718888,0.873379877480618,6.63668125827881,-4.82640512993078,-10.3659712062738,-1.60279428811784,-2.41760141793151,4.19817666135249,0.290636121669279,-1.68734567753625,Neutral
-9.7812019362623,-0.740179576333513,-1.52319702694573,-11.6575385863827,1.94298703939994,-0.856092329198239,0.360980055327024,6.17326672851326,-4.46202704066484,-9.81379362396836,-0.253918436303177,-2.37761350020372,5.35620987632771,-2.12083133155963,-0.605478239517904,Neutral
-9.7812019362623,-0.740179576333513,-1.52319702694573,-11.6575385863827,1.94298703939994,-0.856092329198239,0.360980055327024,6.17326672851326,-4.46202704066484,-9.81379362396836,-0.253918436303177,-2.37761350020372,5.35620987632771,-2.12083133155963,-0.605478239517904,Neutral
-10.1008781652037,0.194343744974125,-0.0305345417691022,-11.3614406370522,3.0825759795748,0.296566973700371,0.693685629249124,5.71234811272032,-2.00478973034164,-9.11622005321562,0.518306777798141,-0.314693552789604,4.69941311167632,-1.9147276541485,0.512496203242862,Neutral
-11.2919720773268,-0.0797071877921977,-0.461053651500774,-10.9910663215406,0.720508260925209,0.192950402743735,1.13282299863647,3.89122261443138,-2.60053132802711,-6.02084616018538,-2.23058916941248,1.48207334871786,3.96885696514785,-0.530424405994346,0.623350133322862,Neutral
-12.643936607434,0.589099780152734,-0.106245252594098,-11.8012998588878,0.465286760891782,-0.063973711863191,-0.760529389397076,1.28520955441849,-4.44489755380863,-4.92738486911524,-3.48153335632506,0.85206957637628,4.55665950076245,0.863756189300969,-0.869091793727733,Neutral
-12.164512243997,1.36766260355496,1.02189080438816,-12.3169732471758,1.2630592452992,0.336734033970371,-2.18117104789003,1.15295557784456,-4.0269157626019,-8.43439990044164,-1.39245604693345,-0.609025856019797,5.00681570137534,-0.614243432119929,-0.851504886989968,Neutral
-14.5329990893767,1.3399868459299,0.156443314972033,-14.6229895530521,1.49789834035062,-0.259327434162431,1.14464837370887,3.51152105008113,-5.42219365255472,-11.0855407724635,-2.35059674307715,-0.906415103208062,5.30620611193258,2.06586499159541,-0.639361728291877,Neutral
-13.3663894529713,0.919594519035445,0.53453256307772,-14.8602092755108,1.53444981769635,0.379620118955753,0.386625297863503,5.11206735573191,-5.81727219914309,-11.3045360425022,-1.21250825672294,0.0190042305527768,6.17889487041409,1.70429352673461,-0.481972422060384,Neutral
-13.8292828642254,1.76331151565543,0.727452244086936,-15.1491997186058,2.0160349861839,0.813106278124174,-0.187837666897066,6.93515404810628,-5.46461996977671,-11.2465139700351,-0.855421329963051,0.273419806559735,6.25081135189344,-0.655950286361512,-0.362098061106638,Neutral
-13.9344800381761,1.74110789043916,0.513812229846945,-12.4281118880198,1.43888709447992,0.538878668767451,0.532927989909108,3.08367290902505,-3.25934092906598,-11.6441372840087,-1.56445203341631,0.113850063665179,6.29456452591495,-1.11965131967908,-0.608946744368964,Neutral
-3.37975521696696,-3.44780178603161,-0.243682391658272,2.23150011704918,-6.08457906013473,-1.88333247918766,0.624536702254272,1.30664485334615,-5.27907445188492,-9.81577209739743,-0.837124607667428,-1.17261234424135,6.2405704323195,0.307773545983348,0.447983040237864,Neutral
-2.92130363882815,2.85692743906308,3.66822719179672,-1.32943882616525,-2.64884024484617,-0.841709271827023,1.44043516924834,3.47903791662658,-6.38036096734231,-8.18199139909192,0.684447999892355,-1.06541661278607,5.92424152299168,-0.750121887399447,0.311126609843938,Neutral
-6.74296715493973,11.365213956182,2.20945675208163,-7.11290884400139,4.9097282887923,0.583692984330933,1.86575367983324,2.74022542199707,-4.67912397758446,-6.47465968234842,-0.516023883363092,1.28876479922122,4.8228338456632,-1.67176898593552,-0.0704561565205869,Neutral
-6.34485691891488,4.32951622057979,-1.58217009972197,-3.84668058768159,1.92628006221681,-1.31299907950173,2.76530194290847,4.26867574476505,-3.93312770390069,1.93922452326411,-4.68648458105241,-2.47567992688727,-0.170314634222597,5.00152666110861,4.18279382459445,Neutral
10.7465024027267,-2.09001378048576,3.3811154771546,7.37963324709165,-1.8857916679193,0.794335884088254,2.82121784463076,3.95863650397147,-4.59647896994895,19.6739295329121,-12.9282493935973,-5.57410952883245,1.20638394930878,6.95300633663197,4.99662363026885,Neutral
116.081738055673,-26.1968702237104,16.3663929529169,91.5571502432808,-17.863599690708,12.1476930861103,-1.72435619150986,3.59455907463668,-7.32152818331925,131.492398826851,-44.787385905338,2.73687028532726,4.12727070222859,0.240669552924576,2.61011486863156,Neutral
103.995542820119,-38.1123896884134,7.08801364034307,81.5823685939275,-26.4590210129508,5.43423104263045,-1.53928806035405,5.17179436549237,-6.27094735052589,114.185834836447,-48.2864771447813,2.31377307261941,4.94253190254619,-3.31944205917432,0.566118740430921,Neutral
-5.10643471270445,-0.564803030220495,1.62439598676875,-6.59725799499143,0.373745701169747,1.46370594429232,1.88709764841927,2.94961974879266,-4.73518886733928,-2.59620027122516,-3.67818312327577,2.93541172867695,5.21870304600217,-2.85609170079695,-2.85858252228938,Neutral
-5.39954682054442,2.62826726289347,1.60620593872042,-9.42944118286597,2.47027784992274,0.675837583428299,1.73535737550178,3.02486066920226,-5.12722169711746,-2.98095519190357,-3.27428133487471,-0.150170269699497,5.49503477738197,-2.04629362985076,-7.79245518928416,Neutral
139.635593753832,16.8517536343214,17.3138558395291,107.807570616097,13.6896140828515,10.6095556123334,-4.55739924233968,6.8348543896166,-3.02382333647021,151.831561068626,10.4487465867875,15.1437249635615,4.14246929657593,-2.85884597992482,-8.38175680547841,Neutral
987.850901203484,31.352807120694,5.4071488946547,802.37529745633,34.3814051997002,2.46941719977558,-31.4507965604516,24.9967685591893,0.260347312167595,1045.11897416792,23.7754186065115,7.3731758923015,1.95481293616662,-1.83440972509254,-5.9951833074228,Neutral
526.310973051093,-4.34939255220143,-26.5020950276784,427.665777490575,5.60369955361522,-19.794099059511,-14.512258211155,13.3398904930173,-3.97225223540217,553.298847268915,-1.28212750532148,-25.3733541062072,3.59927661550727,-3.32326100049789,-4.9031205150941,Neutral
22.7071679743962,-12.7747258860334,-4.42559312574937,28.8385157341205,-15.3408758465982,-3.99362309592339,1.53611224841507,4.06715429263497,-9.10866618746203,4.48257227858209,0.466083298758765,-1.0229866145701,4.46464634441623,-2.71608379482036,-4.49649737611311,Neutral
17.9690843028674,-20.4375065332512,-6.42501261800788,30.5851430274315,-26.3675673230782,-6.93387778666481,0.796681751794334,4.40525758276767,-4.94426192558375,-8.48835099523686,-2.81845693148091,-2.18815323735438,4.40771032501927,-3.49191170741266,-4.91864146296105,Neutral
-11.1475893216724,-0.810115640905042,-1.39601866061844,-8.98352827825448,-1.27850497195584,-1.07214367367894,1.28186269451407,2.7168864912051,-2.40126382650287,-9.60532035748932,-3.26139711981329,-1.13328738341386,5.19994959542963,-5.03809527446226,-3.70452521630532,Neutral
-6.77546321548515,-4.45545279807117,-1.41416513018346,-4.65781121024653,-3.42147327613086,-0.519960183382216,0.609790845157816,2.86293738318309,-5.40243791551238,-9.50557512699127,-3.57181060658724,-1.49864528111233,5.24811747031905,-4.29699357269432,-3.05388191370429,Neutral
10.7239781652619,-15.0318993086553,-3.66541800863882,13.7714685844256,-13.9112562424284,-3.79450399637718,-0.355092896296125,3.32827630598971,-5.95203114500204,-10.0728981923758,-0.807162963893718,-1.18170302848398,5.3022626632831,-3.78411934920484,-2.36772122381399,Neutral
2.87505846384935,-8.89990940789978,-1.46031080015518,5.11833831578083,-7.57819982862235,-2.11110300326725,1.69369679147366,2.3911741062068,-4.7630082771084,-10.0304376812613,-0.644129681236926,-0.73607355591152,5.40762723652313,-2.34605511733982,-2.95361619764911,Neutral
-4.80136296365581,-3.0564854644834,1.68503922406952,-2.44164172824327,-3.40382003856699,1.19252458700734,1.33910486531711,2.83045046941427,-4.15269931207084,-9.03980620031553,-2.3473918798728,-0.250184430588776,5.58871257108591,-2.06561384169027,-3.15188771969883,Neutral
-11.3621228007041,1.08666489785798,1.61585932206368,-12.0056477378077,0.927817792373345,0.429315642764192,0.226770980081168,3.23673428755322,-3.74374846435871,-8.58397495155887,-2.92325767184286,-0.45239152977743,5.72638767149065,-3.03802252647503,-2.80175337918202,Neutral
-8.51573783374197,-0.19057564184142,2.23089177491802,-9.94930304750436,0.315943032321029,1.12692241695084,-1.00334904895552,2.0127583746754,-3.18902610595335,-7.30156980353277,-3.67032148421532,-0.498008970528856,5.46710867924648,-3.46867458386147,-2.5600997295222,Neutral
-7.27011057181002,-0.592690269044258,2.52865955379295,-9.26724621323454,-0.434694942483045,1.27894980253328,1.73351189986274,1.71725380594012,-4.72881672753752,-5.30369081085699,-4.15261277330901,-0.752488652225687,5.64456726898333,-4.14785472322683,-2.79226958241352,Neutral
-11.9050939882803,-0.513557241763709,0.189714005342814,-12.3027435588213,0.00974813461659428,-0.416537618811652,1.65173377722192,3.7992215123241,-5.06410717703595,-6.34364086311434,2.57130061107388,5.23018921009477,5.81614022268023,-3.59672681323989,-4.8452366622148,Neutral
-14.1442474339378,1.8590365909979,-0.469033306404843,-13.2974744267264,3.23375033236905,-0.135787160279508,-0.15680677935583,7.73856747261364,-0.983449609007811,-6.31822287786022,4.98198004034333,9.73713321613603,4.99385244622187,-0.318818016819632,-8.24091651810239,Neutral
-10.8378471053575,3.50325349426494,0.198044156258794,-12.4306086181749,4.22458035841765,-0.143506171346876,-0.587379991264288,5.44070853896656,-1.79950215787873,-9.57439261942389,-0.557997813147787,3.05656877445636,4.48021896127206,0.714019887892477,-4.47627680999849,Neutral
-8.44355814722317,2.57017831686035,1.03355991102725,-11.4988235891859,3.1411469499358,0.425946439180556,-0.43315529878263,4.87151635279589,-3.37080248069369,-11.0985126705512,-0.374332563899844,-0.492465654777567,5.3208446173092,-1.50958633728895,-2.93692937872465,Neutral
-10.3213643556997,1.78015070993126,-0.264949902734575,-11.4126609963492,2.22220638374548,-0.573694439495394,1.00648650050374,5.42769760102797,-5.00035295514886,-10.7112622368247,0.18257558211322,-1.76090649568389,5.45230955520467,-2.42850796618963,-4.26995688367771,Neutral
-10.4620615955439,-1.15605367809048,-0.356683082989042,-11.0660071537234,0.237655763176621,-1.86552572010523,2.90271489559131,4.19766666793691,-3.84760497331716,-10.0800743527665,0.738035405259758,-0.772361446020153,5.74812740058431,-2.51948941505345,-6.2848521229228,Neutral
2.83719606652226,-11.7265686605995,-2.54990929579707,9.28856387546874,-13.7988279441988,-3.85383033820949,2.65560150678304,5.36175015331398,-1.61781048274438,-9.35955028434225,0.900014291382909,0.869156424285481,5.07637619473613,-2.21784501859632,-4.14750219098958,Neutral
2.29003644816624,-10.6183054388147,-2.28980806752022,6.81414648206976,-12.0363625412182,-3.22704505542013,3.05313011542747,4.21544892695505,-2.24115136180725,-7.01530785669486,-0.790832921686476,1.70977698475873,3.28748125588152,-2.91647873898343,-3.53659839264312,Neutral
102.546429665942,-10.9247690975257,8.20586969377539,95.6574704175744,-7.69184365880986,12.2090353159601,-100.251390782329,-7.75095773052542,3.33147275442239,98.3781430993837,-19.0282185466199,3.32360551866731,-84.4884096361123,-1.55564447488609,7.49682750446936,Neutral
-2.15561741701146,3.02303628549925,5.43895042590475,-1.72559597856122,6.05913961732925,6.73216239496461,3.0998867001794,-1.2632148538952,0.229691505155411,-4.98662109383337,-2.47547319554503,0.973228651640626,5.53053567073101,-9.16116918046702,-0.602833146401395,Neutral
-5.60586540384931,2.2629758598713,2.02587302353799,-5.27433687373879,3.15981641952305,1.76773243705781,2.01050781669153,0.384101381229724,0.338849315124753,-8.73287998627942,-0.767086377519087,1.98280506004346,5.45520131851535,-8.83221784742251,0.70709098622018,Neutral
-8.60873626893198,-1.47374623108249,-1.17726208880659,-11.0293116695634,2.19262393337374,-1.33753957473169,0.0402915819677758,1.16193200151657,1.56247745998272,-9.05615061878416,2.40793533867984,-0.111234716068222,5.86969709959462,-8.96606275758454,1.44870277709061,Neutral
-10.187406286296,0.09788719940975,-0.477327422629499,-10.9162771127085,2.77124365991633,-0.228881153107181,1.0169484291888,-0.942122578477042,0.609897255468647,-9.34612649685516,1.93062779715851,-2.0316159081463,4.81844609305822,-9.38886064231153,2.37021122502808,Neutral
-2.68749162586969,-4.74522837277637,-0.917616494070343,-0.602635560693878,-3.94971923123181,-0.901568324335889,2.44346307198423,-1.15992881835479,0.859661042839689,-10.2617954041769,1.55711598697571,-1.23709392833463,4.15728000667465,-9.58345141456706,1.14583850683913,Neutral
13.4111638424763,-16.7596002494664,-3.4461301615615,19.1036015920868,-18.0282382593325,-5.10650219660892,3.03989392381488,2.82132130968158,4.2789306202649,-7.399992718823,0.499415161637503,-3.2438075794269,2.51874610178405,-9.20007825433669,0.534272091041627,Neutral
-0.700797763294928,-4.22846983165181,0.896204918172356,4.38090663416245,-5.01633873944007,0.11418090648567,2.9347547041097,1.62106424406127,2.90586688430237,-9.7223715400474,0.0371525375596251,-1.36041613776671,4.04307585501283,-8.40397226059864,0.00565435150358788,Neutral
-6.42581123032274,3.69226761862687,0.355409372933575,2.44109221074245,0.384678122499096,0.162073747908396,1.17896341105749,1.10190087310989,2.66090170295556,-11.6519132372133,2.31749109261288,-1.32180543131313,5.38356774785199,-8.80398412603598,-0.000876268296446769,Neutral
-10.9451371952746,8.77975305027107,-5.49271133597986,-7.77491604452643,6.51019314225995,-4.23205182436179,2.78748470064641,0.934141218570487,2.17012530092894,-10.6638568896665,4.98621711915728,-3.66756169967001,5.33380621397423,-9.03157960033368,-0.630506466661207,Neutral
-12.7159292759295,4.73527274113289,-3.07772087461097,-10.5550701861533,4.18359808581521,-1.62010586341113,3.61094887595318,-0.842320794824222,0.35705030138503,-11.2878996807613,2.06828507615622,-0.850529575011656,4.69953328971124,-9.15420850048547,-0.773832107769673,Neutral
-9.98093659671981,0.22145563443087,-1.27789824901958,-8.15490266148045,0.0273416123969004,-0.806095334700143,2.5126966392104,-1.63979583429341,0.81987303462401,-8.95141579481647,1.63817646116503,-1.56419215022988,5.79138446680304,-10.0117933330062,-0.0828381892937967,Neutral
-7.37162889491173,0.527967776257257,1.17748110148638,-4.69366953961472,-1.03518943537368,1.66022583920457,2.71551809126137,-0.331868497196422,1.80671603469854,-7.9010752555765,0.471719984739285,0.34839019529522,5.55112894430704,-9.57907898805773,0.475487015513018,Neutral
-4.21171896031138,2.91947670940587,4.26640250578695,-3.24220861160358,0.675573954841477,3.94276613672962,2.01953149771142,0.632536245965591,2.30581609296535,-8.32884285864317,0.0539293401966148,1.13568243118799,4.82868681278837,-9.43359255456657,-0.0868461856971198,Neutral
-8.34825689386546,8.45737478900764,1.60714048100784,-9.52493116769111,6.41463428682429,2.26289794669114,2.51318385532657,-0.403929150223216,1.88903225018233,-7.99611996640536,3.79169882964012,1.66843809030537,4.41447604678511,-9.58738826827453,0.0963695115897508,Neutral
-8.34825689386546,8.45737478900764,1.60714048100784,-9.52493116769111,6.41463428682429,2.26289794669114,2.51318385532657,-0.403929150223216,1.88903225018233,-7.99611996640536,3.79169882964012,1.66843809030537,4.41447604678511,-9.58738826827453,0.0963695115897508,Neutral
-2.28049906626419,1.83885601916287,-2.61295752024632,-2.06898545192358,0.729441544868968,-0.838811580621432,2.85742930805331,-2.31536507118295,0.0623287991235967,-9.03877087079093,2.69882526368596,2.07583521063838,5.04933643599131,-9.18520715201324,2.13475939157465,Neutral
-0.992945366853157,-1.68613458547865,0.85629538958763,1.27024111231493,-0.0258674810129203,1.52524514826986,2.99953575985269,-0.927944551807264,0.265190712211017,-8.93425028064092,4.92331196208074,0.559907290249704,5.75539015888256,-9.33226384189139,1.34220242470834,Neutral
-8.44095507812271,2.30188519730918,0.179602470311049,-8.32535483935641,5.5271265965219,0.149069771277065,3.29582199414705,-0.111855713977925,1.35610997917202,-5.35141462416261,3.26797231846131,0.837433648797232,5.6891158410731,-9.39907472800801,0.248358515005086,Neutral
-7.49071305926066,1.33215100900273,-3.18302847417084,-8.14569305349356,3.36110675160767,-2.89790122060493,3.66570595352607,0.0873300966322912,1.51159651886457,-4.92254083862326,2.60885100884791,0.205005434316601,5.79189206730362,-9.0201449614292,0.31345857248102,Neutral
-8.33907896502838,5.52866365239302,-4.07846153662429,-7.63381574577181,5.92359420995847,-3.81209963125509,3.5000857728888,1.61066414333402,2.48302618773584,-3.1976398584316,2.32823522368843,-1.22733409173927,5.20938264724255,-9.21599537337354,0.0557158633708029,Neutral
-11.2926520725744,4.70856823392191,-1.06409628296549,-11.7004439730035,3.93335960772834,-0.635324584502307,3.23487933722804,1.42023719858891,2.17676602137123,-9.39888392565605,0.442810079959413,0.221675881598726,5.90574103526348,-9.55599583684409,-0.0215337602276192,Neutral
-14.5891490713339,2.66725619269809,0.132028434776345,-14.316104749196,3.6441800422514,0.758542619162279,1.4054694860003,0.511437603282118,1.39353917550887,-11.6786600584817,-0.149216422648032,0.306667888680953,6.26133176623416,-9.69206792259764,0.641666703383722,Neutral
-13.4988165755428,1.80701810824246,0.452971208152113,-14.6486294589765,3.92245399588028,0.528702909855379,1.39066187320287,-2.12719562687085,-0.841382585844172,-10.6010425527557,-1.14828403816947,0.773332454008593,3.64008505249274,-9.52425375433283,1.47358113420725,Neutral
-14.8655561943535,2.5297446764458,-0.398617238804383,-13.4479936942894,2.1300838727505,-0.785380320660149,2.95984581032288,-0.611197821737605,0.509488636577958,-10.2258598115135,3.3339368094417,0.441496835007699,3.50016910111267,-9.34804065437934,1.78609786447105,Neutral
-11.9901106119808,4.2151836849277,1.44963508687347,-9.73157157429266,2.79787266430454,1.50521157001883,2.33602879175547,1.50998336982964,3.02344606819267,-8.27744019889448,4.6868834535017,2.20012395902497,4.15383078171266,-9.73146444710039,1.82878578859512,Neutral
-9.66206049381573,4.80401189797706,3.20564547836144,-9.87811313755608,4.14336121640328,2.85022761201101,0.906784714870576,0.105753867962138,1.65568398679155,-6.36849616008878,3.36984822184449,3.90360093470201,3.79855301953943,-10.2888235664104,0.819091729476883,Neutral
-10.1764588536382,3.96146693662751,0.712358355222293,-9.98535989012678,3.72513123683304,1.04150507244668,0.842049569157016,-0.711024199181262,0.618264581278279,-4.83231086724506,5.96157030032667,0.782482985548997,4.91925160432553,-10.0745327860086,0.00794725966208613,Neutral
-10.5756726529761,2.44876292574431,-1.21643257546392,-10.9331859067106,3.24093444214271,0.316038464043512,2.01762999481375,0.338995191388638,2.25831496398323,-3.73981447277812,4.70209580884641,-2.29473187979061,5.16442882129481,-9.87494930072499,-0.0720123445759693,Neutral
-12.1779764325201,1.27009512070781,0.186802648446863,-11.1151793855158,2.84873989877982,1.60350457847338,2.19858770605775,1.7028555275835,3.9032630161173,-5.9829914157907,0.959441971656654,-1.83531378040052,4.83970114791011,-9.87058286550794,0.501159756659351,Neutral
-1.44486701025555,-6.06979478564891,-1.8034059746374,-0.482400534792761,-4.11732244061348,-1.41632667337866,3.09728953735648,0.220144061699385,1.61819343050582,-6.91705708902052,-1.55815932914056,-2.83648883921493,3.88904689998682,-10.2055494455914,-0.00959087843131909,Neutral
-4.16295816735305,0.147875299182609,-3.45375861337598,-2.94338386022356,2.06632092576128,-2.00049404602388,3.99573020703392,-0.83333046906719,-0.0020449054775693,-8.6187694139297,-0.656831319926694,-2.73254085824188,3.66177028347479,-9.82932314867192,-0.804531955465568,Neutral
-11.9636043469955,4.44260246137616,-1.84266447686802,-10.7197446603575,5.45223967903383,-1.26030285710429,4.06789825757309,-0.575267737376479,0.381837301634554,-8.2612141759297,3.18984690026596,-1.1015837100151,5.06185314825684,-9.61014951492087,-0.0277125850318827,Neutral
-13.2934974564161,3.73019994631845,1.34951874441017,-11.6121389222334,4.70672899986289,1.53065966678998,3.9705252910742,-1.25011054039429,0.673706514549489,-7.99999551974373,1.50625495851842,3.19204595725348,5.19608193466027,-9.69902093172608,-0.351510494789042,Neutral
-12.5148322061266,3.69154330513293,1.33454107069018,-12.8074838905075,4.33118843810811,1.60663862952172,3.8601754253407,-0.879150287360801,1.59415285741132,-8.44337033778241,-1.77380449122582,0.792598795712624,-177.534776323666,-10.3525071027773,4.38374021180484,Neutral
-12.9203986201298,1.91735049924714,0.674122254522354,-13.7136556067145,3.14676429419409,1.1611017130291,3.60285226201156,-0.442815272561436,2.26932839881683,-8.17631772506604,1.1093670023004,2.66798411471239,-714.010037015322,-17.341133121286,-8.60635121011111,Neutral
-12.9785813047567,2.87834445344802,-0.3227367890493,-12.8780141232455,3.17476713473494,-0.28920346746984,3.43071512198037,-1.30447899416032,1.74169183265379,-9.28400799135293,3.3442829993871,2.72833108169147,-238.766305757115,-13.3604540340582,-7.18287081892867,Neutral
-12.7941352401179,3.02751783509714,-0.232120444745396,-13.1796630440866,3.96347962457634,0.105594843223248,2.63128355845814,-2.10364433153957,0.895857617360933,-8.47713805930382,0.574363084137084,0.321569066671103,1.58663279966138,-10.0745337911353,0.424395271651152,Neutral
-12.1062701870594,2.44735772331459,-0.421687952903372,-12.5013430754089,3.33457891169843,0.214695394455107,2.46842550092821,-0.442613485731741,1.94281629917112,-10.6528813000241,-0.463579248300422,-0.590524549746,5.89661599357599,-10.0812725120835,0.0827869274036796,Neutral
-6.74528223790882,-1.15092522536129,-2.18721307597688,-2.36976108749978,-2.22941529207069,-1.95902424746149,1.85437680749598,-0.657397521525611,0.38943687115877,-11.5177739306931,0.0280426405155723,-0.92054708868833,5.37352082126034,-9.91907972696761,-0.0119911111784802,Neutral
7.00072837742165,-11.2878889601206,-3.29863060848066,18.7287881625697,-16.0852766876046,-4.33738453743309,3.68398966228964,-1.60665801866984,0.293886557054026,-11.2823138541743,-1.210513814482,-1.18911624805782,5.6989492189598,-9.76584220970233,0.220728145859892,Neutral
-7.12006377792117,-0.0146823671511834,-2.28338056634458,-2.91812123212107,-0.777386121797721,-2.15712767553895,4.29448841327093,-1.29750823442443,0.552412871662646,-8.32368686791387,-0.497384160459406,-1.90718980290957,4.93928304080424,-9.84543086350581,-0.134147986011261,Neutral
-14.2277724638782,3.97729699989071,-2.73752797756567,-12.8898510443246,4.79875574817738,-2.60729962790942,3.44635417030938,0.857423476625068,1.9168686806929,-8.57519734087474,1.42904006670438,-2.03829565816564,5.78397094987153,-10.0299358197455,0.12421927001102,Neutral
-13.4420293060016,3.40423421432107,-1.1196817771749,-13.5082448595573,4.31189898319425,-1.67676132699964,2.89316810989146,-1.35058375952393,1.56499143508439,-8.14789882356105,2.5177314137652,0.310485687380051,5.50559510681186,-10.3058614313419,0.534385072165424,Neutral
-10.1504754894225,5.0026967566326,0.623518351402373,-10.6642984463185,4.17330292715481,-1.23258608724723,2.05571873417154,0.0682419197316713,2.95423155786894,-4.95622164634398,3.95639639429065,2.52877423019932,4.79235360427621,-10.2991975268141,0.880399065709193,Neutral
-10.5785629786636,4.30213115288515,2.46907156594287,-11.7528305423049,4.43538915357885,1.31214638394424,2.3077847672244,1.14205679912157,2.58592721278406,-7.15668348925123,3.70394593967131,3.18934632142985,4.64196999416096,-9.75810560243308,0.712975090035477,Neutral
-11.0362442213982,2.75730087721321,1.61686648724096,-13.4453124917607,5.43981722578187,2.02601671038215,2.30881185022842,0.282760249653695,1.29679469784422,-9.79343128680047,2.43307105691659,3.1593449985805,4.29277549199371,-9.88380004765562,0.0228575307250939,Neutral
-7.37946377001796,1.09857037533824,1.24552632674506,-5.6164229532655,1.86039428317866,1.46071153124396,2.37592389860617,-0.294658789746808,1.48695700072712,-10.9666292914233,1.25964978543411,-0.633648376132409,4.3849787148564,-9.83191735305571,0.0586153147430049,Neutral
13.0996454613181,-14.8558648623473,-1.10945184653693,26.672101142572,-21.0111536422529,-2.07554903833317,3.59325097729284,-2.39132398080339,-0.219472174042374,-10.855487705047,-0.123736751096817,0.239546896744402,5.1105424901218,-9.96794654107832,0.447850235579641,Neutral
-1.02217442867354,-5.76094229367913,-1.95568265514929,4.99316093078214,-10.2018159243075,-2.60866907698017,3.77621431745062,-0.249008802911426,0.110264033923631,-11.2344509162658,-0.0859441900422538,0.259643695195138,6.09151595915276,-9.7535553954861,0.552248783801149,Neutral
-9.89030983000402,3.31890925623058,-1.44087013389468,-7.30097878802966,-0.105997441817093,-1.66225879556675,0.46298112344092,0.789874298686678,0.0263162244699268,-8.54569297831972,-0.95278135060785,-1.31540557433405,4.98413872168317,-9.63933426548128,1.07197259015857,Neutral
-11.7036521548795,4.12892934989603,-1.6499513654979,-10.9787905993705,2.23750923772325,-1.47755088228907,-1.03605046458373,-0.824989866783865,-0.621680134331827,-6.85815805815778,1.58606728616064,-1.15271352526077,5.04044336815952,-9.41047961831846,0.424139294973883,Neutral
-14.5852948439599,4.19746401425205,-1.36365171126082,-14.4796138383471,3.3774148693691,-1.01456960297666,1.46905104455776,-1.83758888793643,-0.129230549694247,-11.1113539442829,2.11089404319493,0.0649028513322482,5.46245124575535,-10.2224350561084,-0.506489494380763,Neutral
-13.2299656483847,5.14701688451274,-1.65616283482502,-13.6009325800092,4.76841681008028,-1.84837516269302,2.60822910680611,-0.632362522583337,0.428631818333918,-11.1225753977153,2.51992084613881,-0.205408554194995,5.60984867542902,-9.93956493387194,-0.343588772697904,Neutral
-11.0001697869732,4.11321814390944,-2.04974071927265,-12.7843040429649,4.97852952085337,-2.27478824507166,2.89606039403043,0.593090033684816,0.811148431786809,-11.4211199432733,2.12528763432949,-1.55592062591294,5.71893694237488,-9.49925868783435,0.308609075690972,Neutral
-0.560935936213506,-0.520945148109358,-3.84922447309877,-3.22060600964183,-0.604634296134649,-4.01996781269439,0.833746136062459,0.797962046110315,1.61880928162672,-11.4162013770884,1.40811828374856,-1.63611552465973,4.20111828199047,-9.32705423801768,-0.138102562541469,Neutral
91.9642255237599,-25.7466336097726,4.83167434916564,92.0043742754853,-22.090944227046,4.00232958482729,-98.2317661454228,-6.15334986640511,0.203039640210049,88.41168444783,-25.2123327659069,3.6633995774555,-91.0749679678451,52.3277854280758,7.94967424957906,Neutral
-11.0756260122005,-0.333035221155877,-0.899156049923376,-10.5478184660139,-0.0685305564368033,-0.882619416501275,4.54905899795106,-4.10907432218773,-0.224298828523159,-12.7539445695583,-2.48340650767676,-0.965102217399827,5.02196495476018,40.3552703989116,0.101654598612706,Neutral
115.184846351914,-19.6232329830249,3.04720962201396,99.3192666257313,-23.4522872386457,4.70699931895351,-99.4320694332612,-12.967109175596,1.32510758716993,106.278445414123,-20.5459531012449,6.19275871722888,-89.7959976336747,13.8205513726433,11.3709353012265,Neutral
-15.1195465890197,1.82534460691232,-0.524936301272752,-15.0943788840696,1.88814660801119,-1.13269775714709,4.63672933298083,-2.8794980112399,0.684501465779008,-13.0967338740059,-2.21781224053944,-1.23337429995406,6.76708676366074,-8.19950226045611,0.0737336253682143,Neutral
-15.1424726506204,1.12945432394788,-0.0564061743182174,-15.8258669630195,1.93555053600337,-0.421944048264064,3.6859342366384,-3.7486952184087,0.355153004153729,-12.1141008221398,-2.93767128169925,-1.34431642451423,6.48867829891483,-7.52709758015583,0.119496256766418,Neutral
-14.9066612762236,1.42134905889596,-0.568071136489132,-15.3211629815052,2.49985771650709,-0.0435035745288844,3.28897789241374,-4.31132924860182,0.287300554133659,-11.4733148415854,-2.75441593496186,-0.560389730842324,6.66663928799627,-6.7287984727358,-0.223611427426803,Neutral
-13.0975325795681,1.27950331610713,-0.580098304988773,-12.8272465894368,0.925992183230176,-0.752163934280715,2.47812410445236,-4.12848195872198,0.030502882662605,-9.9646795322394,-3.23265296761885,-0.767896422115169,6.45155538285941,-2.51579444567544,-0.550099965214684,Neutral
-12.1220246629429,0.726665193517087,-0.908734586488201,-13.4744635743206,1.93146621609162,-1.32546228163369,3.90280154069832,-3.93321848887959,-0.38325176182568,-10.553585413432,-1.51869071296677,-1.1589655641651,6.43495327366742,11.6286695807349,-1.09440103381113,Neutral
-10.2097877796436,0.327104265260134,0.275912580508756,-11.4149522493854,2.38754485588489,0.349111852994033,4.56424691110083,-3.32819381448383,0.187844328081255,-9.73935027164948,-0.671524042282544,0.694486928667028,6.06812411099414,32.2718632560539,-1.56060178209728,Neutral
-7.20892241272278,-2.96533060900144,0.186503988675503,-5.32572668425278,-2.75073589742182,-0.0973931788071602,3.90798099115812,-1.88476062707888,1.07001947748852,-9.78051022909782,-2.15694708980282,0.635838841100563,6.13081044668902,42.5491228893592,-1.87459795553919,Neutral
-1.18567087012287,-7.35185053026403,-1.49613012851938,2.94942846196548,-8.08136382230805,-2.19173430480985,3.45867689451478,-0.864680614986292,1.75081922828167,-11.2892544857253,-1.34935005869176,-1.54960240044796,6.30753361845206,44.6623759566627,-2.23220630787888,Neutral
-1.72885572825,-2.64223891475093,-0.43887369566424,-0.619148880261213,-2.57616508612175,-1.23922053279506,2.55253222539934,-1.00235755383656,2.35168137616441,-10.4064595061826,-0.851126285950384,-1.47297991874051,5.54113179248865,39.2353996719273,-1.21917773656239,Neutral
-0.346663943611508,2.26475658897947,-0.986283832697354,0.324127156536112,1.31617773530873,-1.86727745596608,1.74658004612888,-1.23749227018906,1.39460663952601,-4.79844601202086,-2.0676127249785,-2.26083872372128,5.23073858900054,17.3837043698722,-0.764168789862404,Neutral
8.59784340262327,-4.98897461004236,-1.79477284899386,8.7078386621189,-4.4038923403112,-2.69651873370376,-10.9839914463986,-3.69606228082665,1.60450308773191,8.82146786524544,-10.8655981704376,-4.56969605385177,4.41384164239768,-1.15670570530094,-1.02521492902162,Neutral
21.5313856797474,-15.5713213592019,-0.8257435222449,21.942748192159,-12.9311451351,-2.54477469707381,-25.6509678035111,-5.14233305169301,2.39285424147759,18.061086484375,-15.4692007877404,-4.80857509638606,4.23822512948946,-1.69256939592646,-1.30202304304394,Neutral
4.67166356210053,-5.21550178629406,-1.69596121405471,1.92403706001162,-1.42072082387473,-1.62843244363101,-7.893760068734,-5.45330782842849,0.0853878265940404,5.82868249045306,-7.6594887569376,-3.04959434448507,4.99234564135844,4.38868725952326,-0.863013273732054,Neutral
-10.1606331760445,0.282179787108583,-0.101297282442087,-10.9234771489208,1.49767410288457,0.420659453098202,0.718965529947703,-4.50466750181221,-0.332311670577415,-8.82241819551045,-1.38191993091655,-1.15109140863375,5.34316144919312,4.17026028795496,-0.429188118721074,Neutral
-4.37104819052437,-0.888787390447943,2.19717594889805,-5.02450966094018,0.437974245619261,2.36868441145139,2.34205070377231,-4.31269144434185,-0.483420375054896,-6.18490907537077,-3.38233163968515,-2.05764914770417,5.83094598065233,-1.39611302158203,-0.0970835741378798,Neutral
-4.37104819052437,-0.888787390447943,2.19717594889805,-5.02450966094018,0.437974245619261,2.36868441145139,2.34205070377231,-4.31269144434185,-0.483420375054896,-6.18490907537077,-3.38233163968515,-2.05764914770417,5.83094598065233,-1.39611302158203,-0.0970835741378798,Neutral
-6.52570034677261,-0.249918137407318,0.251646840412396,-5.95947541038276,-0.024609642674529,-0.0474901331700845,3.14101481239108,-3.65550277583064,0.022046784179846,-7.88464487595959,-3.04377517384718,-1.8155383695767,5.97513164124574,-2.32838367169344,-0.485428928751128,Neutral
-12.1117005575394,0.417693849117558,-1.10825071414119,-11.2453607404393,0.57908740570668,-1.14447660636899,3.57311852648462,-3.30405099804007,0.494043810581216,-10.5997723138809,-1.82686412284611,-1.44756927210284,5.71130431016839,0.939404805733747,-0.427826092549891,Neutral
-12.7443853134311,0.399010609337396,0.28644600626172,-12.0516303431599,0.421243456832801,-0.231091653255372,3.95446822321281,-3.81982611183572,-0.338251790340743,-10.0123365390327,-2.96483703029313,-1.44005077551731,6.06395930352555,0.40150161263332,-0.330867685940763,Neutral
-7.33422925217231,1.68169518145806,4.25201252194326,-6.48156798686154,1.36701772060869,4.81419216525589,3.3413453125594,-3.48763982195614,0.282422540427138,-6.68872418284375,-4.66789498980497,-1.7018867280735,5.3961003649092,2.14740279704652,-0.647462374020947,Neutral
-2.81205517147482,-3.32062383967911,1.40527684093276,-3.40107863805464,-1.67998353355499,3.21097752302223,4.34324567620311,-3.20548844540231,0.411840355510893,-9.67344543329873,-3.17101171860692,-1.06580650147619,5.53395471271948,5.27217072301631,-1.11841512890117,Neutral
-10.787899827053,-0.108447436232418,-1.30415287388369,-11.5178422012334,0.953104154742362,-1.53799929204744,4.53481531919457,-3.00805333788575,0.545240582683818,-11.2492703521733,-2.8532572706752,-0.760669176856216,6.80899660449878,-0.0430327333967023,-1.31223406069867,Neutral
-12.4646913880828,1.4892490656921,-2.63932932298107,-11.7818840634314,2.16426866493497,-3.01754446780249,3.01460023794065,-2.82608127099107,1.46157337866828,-11.7105941585709,-1.25897265670522,-0.749093800486927,5.92748988612177,-2.43334023886915,-1.04807823764825,Neutral
-12.7192683560999,0.702901561783027,-2.05782625272506,-12.4975090490827,2.35722248126787,-2.36360451673317,2.29624707518543,-3.62984913164383,0.717128839672618,-10.9828343155167,-0.0103558343358,-2.36593340967233,5.41985969887627,-0.00659294482313988,-0.381907339985486,Neutral
-13.468831225287,1.03506469055156,-0.705798066968211,-13.219188484427,3.47977084526595,-1.04867431829151,2.15080952316972,-3.32532494689127,0.409042596737589,-9.00182210170237,-0.365969850095232,-2.54068010316935,6.46195268356587,0.548352248844313,-0.360370043412337,Neutral
-5.15726957672722,-4.51490245748907,-0.328465945935938,-4.45750531232995,-3.21752523952379,-1.05622140468239,2.63000597084415,-2.28973618434183,1.29912679529644,-8.85034898664122,-1.49154169936615,-0.878007943500632,6.29780082639793,9.28802065193024,-0.771536366475202,Neutral
15.1784104840671,-14.40334631518,0.372874457631315,23.2384954769277,-16.7815352210664,-0.67858667707478,3.61308603316452,-1.77376544291852,1.1564977718995,-3.94434083501729,-1.70181945663746,-0.41478323079069,6.5008461149038,15.308346499914,-1.05734812021687,Neutral
2.13436285874085,2.19657785234105,7.15881569404149,5.88154778311526,0.851920788182582,5.68694298217731,2.41944689575242,-0.623856939849731,0.714758254802373,-3.35461797223913,3.45866271929194,6.19889309942028,6.33628094083338,10.1908970931423,-0.693172149815956,Neutral
2.1762876093867,7.98544432736825,12.8889829993132,4.50695156942619,6.85802159530739,12.8440989971923,2.4118310343064,-0.29630578845041,0.0960188284817405,-3.47119537433978,5.43786295772842,9.43378001996591,5.26431981530494,2.91718648100428,-0.453009944568714,Neutral
19.4789905802069,-8.24865293838548,1.01527502738502,31.7328220933373,-14.5650088855021,-0.273953026035721,2.44018571902664,-0.426140445873382,-0.0601599746253924,7.42080866587108,4.8634168689904,-1.68182997593356,5.34582932893271,3.01857105911214,-0.388872206773464,Neutral
21.408331459048,-1.1120437207303,-8.24161794001183,32.2732161438248,-7.68960164728209,-8.20850216236424,0.264283121945231,0.209391466898496,1.53835456887531,28.7677418244736,5.13756483157859,-15.8277840225225,6.02456486257535,-0.604579315858393,0.137782721462963,Neutral
19.6406488944723,-10.3320968653236,-5.62163439415626,41.4489331999739,-23.3005121385269,-8.76101111386906,1.91678093775476,-0.180920861175293,0.897239114123728,1.33153932061408,5.83740776174526,-4.39396853946664,5.63295003812882,-0.971328633441759,-0.450131452728978,Neutral
9.63552085817095,-9.97415437823139,0.0308778581817841,29.1957554848639,-18.902527374742,-0.794246152415218,2.01486456285109,-1.06772361965537,0.395158347514962,-4.09386688121548,6.59128033057352,8.4464607529265,5.87684449831997,-1.01066270600138,0.360493033633239,Neutral
-7.94351512800618,3.20300631630363,4.67617134161334,-4.08505703321396,3.52438331039385,6.46049229260076,1.89567531861916,-0.956552016965342,1.44633229763005,-4.93689505685072,5.5372759376183,10.4610572488328,5.17869874767786,2.76172093666613,-0.539790009988927,Neutral
-13.7405029146728,2.5370546821334,0.777465892726459,-12.5624185890884,1.69740512086035,0.377673100049786,4.24915055938292,-2.58940946540683,0.953861436334749,-10.1922835575131,-1.21879690224369,0.531876810606485,-20.230421740819,28.7220292588668,4.53370996516904,Neutral
-13.0319623891981,0.979508115810875,-0.330061640144154,-12.7221849692319,1.75132105413497,0.291220351970362,4.68542377513119,-3.11859097655573,-0.0456053834116159,-8.73548207678248,-2.84829144171414,0.139046423754717,-66.4977397522258,67.99899056086,9.03812693307587,Neutral
-8.95934863663661,-0.246571207699717,-1.23245483331262,-10.2342133019459,1.16100575728979,-0.698130930626322,3.79853784029989,-1.74037206830645,1.49920561723453,-9.1045367782008,0.38934375255075,-1.29311437560408,-11.2976007930107,52.6039412294956,1.58321469290362,Neutral
-1.77652928431501,-4.51044435252547,-2.16041241049425,0.221988601843722,-4.33290465349051,-1.74498045637988,3.36618291843972,-2.531883474842,0.741460689404101,-9.35662307283366,3.09143088935812,-1.80096858776977,5.56009482291931,47.8002978306081,-0.821866467883121,Neutral
-5.59950580651609,-1.60196148033329,-0.363823087012206,-5.51781301720255,-0.273355581600935,-0.119334062598681,3.57789124170514,-4.03100944732861,0.0998536710203219,-8.64938119292711,2.4607825311511,1.30101654932715,1.28970575873259,47.0317806384081,-0.850812635704037,Neutral
-13.5426757273703,4.00255048197599,0.548482391862069,-13.0398720511432,4.67140687020755,0.988042691777357,3.75554724211695,-3.27551401198452,0.519375547511312,-9.91214310967272,0.846240438346592,3.62187050386247,-3.60699036346843,52.3360457916166,-0.833489753037712,Neutral
-12.4636676456415,4.79743186292977,-0.038113888912431,-10.8666076435101,4.15237957564916,0.534080036701671,4.1186622239436,-2.77353352023508,1.20921972542046,-9.15144437018607,-0.855461876318196,2.09510428237652,4.85696044133428,45.9671028848351,-1.38842383834829,Neutral
-10.6054394598572,1.75479869576333,1.04986857865283,-9.28826885044937,1.15835970931994,1.09087044675612,4.18622169799527,-3.0536476768411,0.659723643584779,-8.24389848729435,-0.351979457161389,1.74020420478808,6.31235891386436,42.0723842516327,-1.59550383125329,Neutral
-13.1265652851452,2.03120188944214,1.33606166003999,-12.0669628096518,1.949813101035,1.42829349650139,5.02480295810466,-3.35064376610994,0.292748251818417,-10.8210083833347,-0.874020834598684,0.0854791331696695,6.22077499456845,43.8733999547183,-1.90489233077937,Neutral
-0.331205977512428,-3.26771370123798,2.40953535286074,3.79908929764514,-4.11235677668872,3.30647458185534,4.25911058212201,-3.86569173859203,0.435081505675579,-10.7919779286468,-1.90359282542794,0.172468525108385,5.89716869055384,44.6919143818141,-0.557054817584426,Neutral
2.19027368877404,-6.01184368257131,0.300623003606298,7.08943123345962,-7.28637115396213,1.11063173636387,3.22831375550993,-3.92347628110153,0.260340967844163,-10.5348265491458,-0.71416546004004,-0.50146914389319,5.80932350256667,46.1103431762969,-1.2509427618243,Neutral
-12.0515059563505,2.21586095790783,0.38158782378679,-11.3280971367408,2.3428262101296,0.308152051270202,3.56208389502934,-3.47414200727906,0.740935013429947,-10.9410149846442,-0.0548795313067935,-1.00221943031959,6.03379230560448,44.648639637061,-2.05377244423709,Neutral
-14.5233185386806,2.12642030523231,0.169507366390244,-13.6939947556982,1.9583515981115,-0.621916639440358,3.73099763272927,-3.96353609283075,0.434877195573281,-10.9782198412629,-0.301857045413113,-0.439462043016171,5.73679178496265,44.6603947506442,-0.546226649571992,Neutral
-14.6921389836725,1.07211314626429,0.187610022247954,-11.5755249418416,-0.100057674527967,-0.242724289465294,3.99637142451411,-4.04062775668912,0.0888745840463185,-11.0565844742807,-1.31090654231961,0.0370766943564445,5.37058294922701,43.8831219982843,-1.04274229315966,Neutral
-14.8437678687912,1.50622374757065,-0.564220724398118,-12.1466099997455,0.867380307455753,-0.712633527261713,4.10418966991177,-4.16723979711137,0.136289963697038,-11.119974467413,-1.50529988135499,0.160462781093837,5.99908968452486,42.1413073199176,-1.74673516583615,Neutral
-15.2561175094882,2.59192193237779,-0.883112258502416,-14.1042090974116,2.63462469931978,-0.936519192440292,4.5499954944882,-4.17413836831615,0.215010517390469,-12.453805164956,-0.465847853225929,-0.284752250882781,6.41783903966305,44.5022759891878,-1.8712402269634,Neutral
-10.2220684029351,0.214755217678935,0.724974883822156,-9.26080024243922,-0.42907098161966,0.220076806773508,4.24328940309224,-4.03880319116776,0.321794925025109,-12.0255846157509,-1.58448613415508,0.336821828723352,6.08143472678269,45.4130207448677,-1.85305416815402,Neutral
9.25749970754027,-11.7712544802237,1.80894383744821,13.4221945752817,-13.3042813613904,1.08317304440559,3.70344518553933,-3.89097121841694,0.701027084437801,-9.31963093964541,-0.156696034267842,2.35029355793739,5.77775394144588,48.6462637138195,-1.91885559206532,Neutral
-1.81226598807036,-4.52484333602878,0.943333840186355,0.632467978969367,-4.86523226951286,0.363709453915671,4.14405053827739,-4.10705691229885,0.551383996276539,-10.6373947326018,-0.735776214908944,0.833503141784444,6.32532103452636,45.1832271967309,-2.01534191319593,Neutral
-12.887906275818,3.73295640294417,-1.26110334754796,-10.3844483463959,3.44308930312889,-1.62614553221146,3.96116017124665,-4.06842974937795,0.793098539744649,-9.31986590948291,-2.13838977685143,-0.67011699717445,6.16385682545057,46.3171477428597,-1.79055718160572,Neutral
-11.1896171889181,3.72262301976894,-2.00420351611538,-9.43915333857498,2.98664361217143,-1.2662379238009,3.24198142372434,-3.28190243316636,1.38012138899872,-8.71606490240482,-3.69217791690684,-0.837592429315463,5.48907215210594,47.2744568487568,-1.2900760977536,Neutral
106.155354799491,-22.6067706552772,0.916654698813622,109.91895764175,-7.57207681104975,1.61657336768461,-106.285800478265,-4.97963435604221,-2.07374361289544,96.9391086940877,-23.9945839705239,1.62263550215356,-91.1266270612526,19.5637896143322,9.72136505849917,Up
-11.2013106047544,-0.615225994034048,-1.81810809432563,-11.1487782294791,0.140025072882272,-1.34493381731471,3.97408946657219,-3.93981134324871,-0.0117540753780658,-9.11194375456703,-1.13301132919749,-1.72365895021534,6.89706460876031,-7.24441167174587,-0.0920744158819404,Up
-3.48213294160767,-5.54702696612831,-0.146823448503668,-2.27120877131164,-3.96991859406688,0.70850988759932,2.78513406613544,-3.96313925500091,0.222961975228001,-7.10746917280671,-2.36302403014989,0.436154822877517,6.98061741465133,-7.83666690293781,0.251099160816889,Up
9.24439140097554,-8.13363906257785,5.28853959326392,14.9531648269139,-8.05498149144213,7.36316800561979,2.07035074491111,-2.86051396269021,0.282149128556954,-8.66478539581597,2.62096618752601,2.84717450781761,6.93212765868335,-7.10670132409462,0.187377800769758,Up
-7.78995314515159,0.804569123500846,3.58346332244934,-4.46631216473012,0.455710207621139,4.72138534486287,2.97263152379239,-2.25514891738304,-0.113375886685542,-9.41000289646193,3.1636091187191,2.82123196349824,6.8555986652498,-6.55447488214544,-0.216423218081545,Up
-13.4809908489426,3.29142360199064,-0.232076143653519,-12.4314758556726,3.51143880647037,0.272565728731891,3.61769391089285,-1.79012599828977,0.954314870010063,-10.203304789403,1.85926661820078,0.214898200075197,6.51199981293196,-6.32009206832243,-0.337582654823214,Up
-12.5228074665327,3.732086674797,-2.02527077370482,-12.1242463810045,4.02475710273315,-1.08373740944702,3.99501016041882,-1.09376896076073,1.97310539910144,-9.92264547223657,0.792867765307255,0.0199494853653533,6.71168446899861,-7.45846945833024,-0.119071117211502,Up
-8.74252710509747,0.0347552415530948,-0.359520649280269,-6.09072033856439,-0.456888083401796,0.0170673379687509,4.64716509139516,-2.05646424238302,0.901338505533869,-8.90899883903238,4.96254204903743,4.26285397214244,6.91631581017103,-7.7332773620225,-0.00796600287060567,Up
7.88850792513542,-11.2818306166249,0.0354121336964185,17.4026395215759,-14.0837556831102,-0.0790390160915436,4.23688081628729,-2.48253307938509,0.234728168849004,-7.99613634936296,3.65270742493444,4.12495583777596,6.69984247161786,-7.72202531916433,0.168042178303819,Up
-1.70754865214455,-5.34266240476146,-0.610182823326466,5.24767071189444,-6.55090815694,0.0966261995767114,4.29244073070084,-3.54156761415194,-0.271741329338257,-6.55836959776102,2.92477782090158,-0.572267056189426,6.70200301105644,-7.80315448734098,-0.0644447957823903,Up
5.57093105229951,-8.04278467984873,0.472256887039249,12.1930004538152,-9.09786227926304,1.63833464088084,4.32970807474109,-3.24476008857839,0.248472489632339,-9.96513705020706,0.843501939192995,-2.44895603869941,6.54426697080961,-7.64515350300021,-0.169981441206057,Up
-8.98188213619581,-1.06957117801978,0.0585737175879177,-5.74670088539328,-1.81516411627897,0.852532782632661,4.14366880762234,-1.84150931366748,1.08686285029505,-11.5171271895702,-0.66870172787666,-0.915432645112204,6.79702477349976,-7.90263457949342,-0.175613109090811,Up
-15.203427571066,2.13093880429614,0.175620977432681,-14.4640860068039,3.17052714618547,0.130474005669521,4.64007632454278,-2.44833127756981,0.18914581954838,-11.9652627367157,-0.295444520777385,-0.273946670446678,6.93608617177805,-6.91044617342755,-0.0932984716707366,Up
-13.7239297660805,3.06818021523776,-0.702854524660483,-12.6156759850048,3.68958121440018,-0.710535712668704,5.20909993338485,-3.31020548724669,0.0334140419594329,-11.2219727075349,1.32230488670716,-1.64122031941348,6.66676883540602,-6.56449746927783,0.474919724932316,Up
-13.1122541647137,2.91891275964175,0.0285792967318188,-12.7306654351242,2.82124183342485,0.134008340380836,4.18094709027122,-3.76108826171506,0.018176361832321,-9.88170170745759,0.653458843732706,-1.18267324670096,6.95801830770666,-7.87076935819069,0.342323203876311,Up
-14.3197353431641,2.90028158189862,1.11059405821874,-12.7292886902528,2.11121351243231,0.891410903539235,3.689737528924,-3.62223562452074,-0.0478835609513009,-9.19632094218901,-1.52675017862032,0.0203799624672949,7.07979448553114,-7.94961808705399,-0.262702303137089,Up
-12.3231411083214,1.46984704964225,0.376912917595395,-11.9546138494461,1.80215032313722,0.614023821482197,4.12625613064655,-3.21357060697131,0.308089429790566,-10.2006574908703,0.200529217404328,0.719073954082061,6.77809256704121,-6.24687965112978,-0.208388184234346,Up
1.07723870037749,-5.4549095412139,-0.385118160404935,-4.2015640431046,-0.73644642637513,1.42084654011956,4.09026428526022,-2.32569690660949,1.05685617075892,-11.8296403829114,0.75679893778409,0.0481990002422225,6.66381853186197,-6.59543094403886,-0.224803322365862,Up
-6.00731095481054,-1.92786691394166,0.606488808687296,-10.1560653377106,0.841307274487828,0.295942363177923,4.2425362965432,-1.61913322643074,1.53943309943432,-12.6578953870029,-0.653069393091779,-0.819934348081952,6.67427350264494,-7.32764619969159,0.0808105515119948,Up
-14.0549558475243,0.902787930680014,-0.189105942257139,-14.3041622993532,1.25914013499577,-0.893697093260594,4.65370235548194,-3.12902694221887,0.857894166299022,-12.1043752485146,-1.1251861744615,-0.964464256223768,6.57350465669237,-8.25168558046271,0.0301213068812432,Up
-10.9445029108205,0.612706398282118,-1.13795365513733,-12.5002046686371,0.982803925828641,-0.462253172568461,3.89172141193061,-2.55886302253507,1.60966890612632,-11.5997612439364,-0.0608630921446891,-1.05866240145095,6.6871582019049,-8.66773755270551,-0.0348826638252165,Up
-10.9445029108205,0.612706398282118,-1.13795365513733,-12.5002046686371,0.982803925828641,-0.462253172568461,3.89172141193061,-2.55886302253507,1.60966890612632,-12.113960107112,-0.514398791416465,-1.09369479848284,6.70319967377654,-7.79101926746871,-0.09268974554429,Up
-12.0471515610432,-0.195888168636079,-1.55332685907928,-13.6601788227588,1.18113569495822,-1.02886121058045,4.18372500808073,-3.09792471658619,1.18171062815599,-12.113960107112,-0.514398791416465,-1.09369479848284,6.70319967377654,-7.79101926746871,-0.09268974554429,Up
-15.0671704120026,0.827152368101507,-0.967197873031603,-14.9680337615589,1.07309528387479,-0.983841466604413,4.22768668161435,-3.86204102066458,0.896743218388534,-11.6059121077715,-2.08650167649333,-0.778402451226293,6.70311472720856,-7.76889849139054,-0.0805865570673275,Up
-13.0644536330419,1.20618340918637,-1.29655942561171,-13.2485625282648,1.28841286064235,-0.678685366444214,3.40928431550212,-3.27005163474243,0.628814334655933,-10.3148471296124,-1.25680567836313,-0.89422229361051,6.74854614322357,-7.92943364754887,0.294670929374969,Up
-11.9819219309249,1.6828556941461,0.100249927221677,-10.0381514943276,1.0518942703085,0.288662212412955,2.98416915463661,-3.32466503105409,-0.268062540180092,-9.4536956730013,-1.3062728227903,-0.0473934402206183,6.75101451777675,-7.35700310952429,0.206520386432419,Up
-11.4874638088724,-0.321614176416431,0.451294778156539,-7.19377457692867,-2.17047481956687,0.211668617873158,3.7331369078662,-3.70084773536605,0.128983407305374,-10.1536724715488,-2.33576063253352,0.207938801264744,6.56505513162343,-7.89410045966291,0.152183777197641,Up
-13.3035348380737,2.52578399691508,0.0952552575970761,-10.8054319816795,0.960225851934687,0.391672031034037,3.88001057724313,-2.60236299268763,1.75914999795872,-10.9940268006715,-0.614909268604775,0.83591342939162,6.48999817957718,-8.73526353157628,0.345466591400522,Up
-15.8684055906594,3.08920344232511,-0.908928145343068,-14.0179879049555,2.49079413448715,-0.447968664838215,4.23412844058151,-2.82959240929736,1.23508185445321,-11.3230460291317,-1.67925636441709,-0.731054353446382,6.84471934991767,-7.63247725166252,0.153041624436713,Up
-15.8822830418613,2.79285733793959,-0.527319596810347,-13.8296341912285,2.83914741253156,-1.10080560317951,4.72452879295403,-2.76456525197336,1.01259121503621,-10.1999238352281,-1.81954693267173,-0.701871212939682,6.77372948976416,-7.44212076444093,0.0245900898611561,Up
-15.4330458698937,1.29626388268612,-0.178522083791028,-14.2150059949454,1.84407455712007,0.0150995020982092,4.96320005106209,-3.07936876966131,0.51671649698987,-11.0028242214615,-0.277351816231166,1.1567591527718,6.76232013066123,-8.51004846649188,-0.286498087189306,Up
-13.8655630529209,-0.304045866674732,-1.02058060627498,-13.4310631898973,0.0364648330214382,-0.704115157210929,4.38456757339958,-2.09295753933923,1.20450197300437,-12.045720864917,-1.31808667036154,-0.482133209047587,6.85471701163382,-8.18742074665271,-0.492870675906863,Up
-14.1080347237849,1.13806844401281,-1.09836959054123,-13.5279972196227,1.52032511288387,-1.31715056897098,3.96083866313173,-2.58492588268231,1.07958025119878,-12.3918006515344,-0.0917581185836499,-1.33564169421049,6.51571867481476,-8.32909968656744,-0.38143515487777,Up
-15.1303430042935,1.40968268744124,-1.03911487525634,-13.6959086575047,1.77694479904981,-1.10105427835593,4.42040368385104,-4.06843141941492,-0.0572393236829514,-11.1551085868547,-0.0818097649532497,0.276404728608576,6.40997979775756,-7.95281944301618,0.18313426743462,Up
-15.1195967021573,1.96919110180278,-0.672838250838752,-13.3153003164256,1.31792694743591,-0.65239277222851,3.9566020547696,-4.01419612286664,-0.0378709956477228,-10.9953542609057,-1.99895005082297,-0.505134196365703,6.66931906219328,-8.14761768865336,0.263673609779545,Up
-6.26324045882529,-0.644248050375444,0.180200265480911,-4.01575594835036,-1.41820671097663,0.32248668149712,3.57426979920095,-3.47382985740034,0.271706653598593,-9.17619710737303,-1.4754233688027,-0.424690797680069,6.43044663055807,-8.05456707798605,0.105550378496045,Up
-5.98630773128409,-2.68902049510673,0.946972542909651,-4.5393291512885,-3.04699282861563,0.413898937777104,3.81271223496855,-3.8273529238494,0.0870265793856677,-9.68362910313374,-1.27775608051828,-1.07997584084261,6.83277624466935,-7.99732638277624,0.207586724508453,Up
-14.0828329394098,1.52412113092107,0.386485510500476,-14.2672574602194,2.0748550023848,-0.0503583348302595,4.2888776303154,-3.95910815802312,0.0148825657322356,-11.9705431827725,0.117836495401745,-0.482303012575551,7.01540130651652,-7.82703199307954,0.201687697353377,Up
-13.7832573635227,2.38265319584194,-0.0907614971808941,-14.2507130951851,3.34659536353444,-0.00251097042307167,4.2526015897975,-3.66206756429799,0.262021211004187,-11.2670670999031,0.341766568619076,0.328292147579124,6.92454113818284,-8.43941782424876,0.0510901427264959,Up
-11.1694233594692,0.193815740507852,-0.679104215485155,-11.7295636875227,1.55426310012503,-0.0093274672437203,4.46072782466047,-2.90687942119978,0.806644570888754,-10.8431049085398,-0.224178292188492,-0.352653584937359,6.71889283433328,-8.27086281117812,-0.0792253885677694,Up
-5.13635995265287,-2.94844794905905,1.47348594323158,-7.00791420900243,-1.00864627074203,1.49926193926422,4.18791368290056,-3.45502860595882,0.543668751283289,-10.6675985827319,-0.925183262862776,-0.564021698495181,6.49004305678276,-7.7460782067322,0.0648794775785206,Up
-12.5579794567846,0.724697397714504,0.256984608945214,-12.1684147966656,1.05345658286538,0.676404446706001,4.35950686758153,-2.83477584850931,1.10097152326471,-11.2797566593198,-1.91719224801881,-0.888993781213008,6.90970215784316,-7.68431612790042,-0.231712107068112,Up
-15.0135173796926,1.78390122569593,-0.995639042351717,-14.185199780111,1.66715247749025,-0.0970463031456285,4.00242810249874,-1.59076792412456,1.94236017168995,-10.5756803598275,-1.78313806198545,-1.46418480458033,6.94549073773947,-8.5889419656865,-0.304739099611157,Up
-10.7864369247418,2.19847651643882,0.18963745745355,-9.01231557273048,1.86075941327738,0.0490767353268842,4.00803129358603,-2.54068888650767,0.0164236486261734,-9.76853003049188,0.811996656092779,-2.29230952072134,6.87589173681693,-9.39915384194978,-0.143566245356575,Up
-8.66982786701942,3.72661866139479,2.67357735638477,-6.99701197159984,2.92882134061451,1.10318599385532,4.498901828068,-2.16374828401837,-0.66409456367588,-10.0388743459691,2.33455695024071,-1.48142334326811,6.80322437591703,-8.80854641521339,-0.0652022841596724,Up
-12.7216132270549,4.10176042420083,0.512675865079446,-11.8740524337193,4.56403902566442,-0.565224213751628,4.62648316330371,-2.21980099105615,0.0784707020843436,-11.342902901625,0.33235981047117,-0.631464782171153,6.95495000198687,-8.25301430898358,-0.376321362783904,Up
-13.6342064407431,2.82995986220296,-1.36284146832912,-14.1399816471421,2.94706840049464,-1.52615417230514,4.36702888742191,-1.1470382217974,1.56743562319482,-12.0299542899263,-0.731057757554554,-0.437441882174212,6.91825936978945,-7.61210941716287,-0.508702443426195,Up
-12.4149198993221,1.85622654641275,-1.12692095154496,-13.9356114512303,2.37445361381734,-1.17355243453752,3.93118662829261,-1.30906853993894,1.80948651775313,-11.0632425426965,-1.47437200783269,-0.566250865927733,6.62206474366242,-8.01257361335836,0.0257226226555694,Up
-13.2914233653972,0.161963666704783,-0.260078594228972,-14.8038984860967,1.58219041646737,-1.16213287196767,4.19276625905712,-2.07735567895036,0.801030243541409,-12.65839102901,-1.68097877140875,-0.864591016893393,6.45721088975367,-8.01155316074857,0.62605002335391,Up
-14.9878714088906,1.6150773041825,-0.437236485147783,-15.0770552193109,1.59904382678345,-0.772443490249949,1.01353902018019,-3.74570005039485,-0.0195603721980222,-12.6267651736358,-0.788327936562564,-1.44758483779007,6.62836113961475,-8.81854055685356,0.130491914088844,Up
-13.882701981241,0.490087361215989,-0.953722508030817,-14.0395718409063,1.18388031117946,-1.01189672731519,-8.79238334064184,-6.06188659608761,-0.110418865034627,-11.2114398554063,-1.19617329725474,-1.31163190365447,6.6101293751854,-8.90931608541831,0.0583269771338443,Up
-11.7465640098885,0.838201252657653,-0.280880457370177,-12.8810413140538,2.03947378422849,-0.0106647995445639,-0.373191227768396,-3.12216309666994,0.569293079413158,-10.4505981499787,-1.0505227052496,-0.11075806722258,6.74470876168572,-8.65728407383352,0.270480619560109,Up
-13.2965465098566,2.45754928109694,0.740648829143169,-13.3278584673746,3.25114520940886,0.150303871710277,3.86463185638129,-2.30462898789973,0.354072885278937,-10.1992397957688,1.07679699213084,-0.598177462094857,7.03491328724801,-8.89070504146336,0.0389503390903787,Up
-13.753401898863,3.06594840692644,1.33009702223786,-14.0590675943676,2.96621237769396,0.0822639078417282,3.72131738624935,-3.05012402700332,0.745799693959677,-10.2476323442947,2.60180356252964,-1.89509915420803,6.51967905670159,-8.77311656276156,0.0861416137973158,Up
-12.1878829506071,4.08464318483334,2.11564447346872,-12.5534163719619,3.69586134539663,1.6445620464342,3.60704713739913,-3.17513111568521,0.29153533915376,-8.26448734958863,4.97111662120265,-1.33174422070467,6.46692707518148,-9.34044952366393,0.0411013017408356,Up
-12.2090529984938,1.7300943942882,0.104783083079447,-11.2109219997928,2.06281179071508,0.251064247446271,3.52723757463107,-3.42787060114926,-0.0501219894187936,-7.89738411444848,-0.420253580288211,-0.538440483342321,6.85132012277252,-9.39556339627025,0.0548042200569211,Up
100.890443351041,-25.0841841939075,7.10998183148135,102.407112736419,-22.6955454734213,7.59873808187898,-109.907415430064,6.92740279205409,-0.81418005506865,102.786139736572,-21.0626585351506,10.3083362594338,-86.4557642176407,-2.39188471451833,10.0551431558117,Right
-12.4456619961413,4.25539204646794,0.712264154624443,-12.5908346825066,3.69241199256921,1.06253540068156,2.28086850020165,2.29726941905986,1.32812322891353,-6.20343970444275,2.9002559401625,4.51400355658971,6.70936786529599,-10.6354315049255,0.64181231486733,Right
-9.74603874326545,4.80573056018097,2.16371015824056,-10.4016355086557,3.82424653008614,1.41576598967337,1.10226142180538,6.82021494775006,4.56384173282989,-5.91107754930087,1.88837448551901,5.65789604658122,6.75649777661536,-10.4875643897637,-0.226854490882661,Right
-6.72252476736954,3.17305600207842,2.78658006527898,-8.8101994570399,3.51563319888995,2.12094807910148,0.0567684316006762,6.54525912678806,4.95708305458037,-5.47949324804092,0.891870463705708,5.42639376005644,6.01361686609818,-10.4269044387649,-0.241509211607644,Right
-10.942391660515,4.71539570349731,0.914825282199316,-12.8743556582471,4.8224151889824,1.16391918369943,0.909640246172924,4.43754977931441,2.50668104386041,-8.46720461122468,4.11027861947577,0.965732022641315,5.94243034239221,-10.2924102587649,-0.0052836234139764,Right
-13.3415589507184,4.58131564700245,-1.19135372055858,-13.7879526004505,4.23995597217205,-1.52010091070892,1.1529555180859,6.83862302268014,2.65288357100574,-8.63888634599679,3.83090864484964,-1.55292793498979,6.3047680820387,-10.1275077274896,-0.0731909588020488,Right
-8.43022281299341,7.66619149463276,-4.66043928777787,-10.5137273350123,6.05141723292157,-2.98895136458425,-0.827180854225601,8.18475349061353,3.24659912313365,-3.4665754539891,7.02953208385154,-1.92266228225839,6.4605963218164,-9.98083060514223,0.101258608004899,Right
-8.17841150617115,7.00484026084824,-5.26909511804213,-10.157903012001,6.19339647362566,-3.40140401284688,-0.35958308721404,7.32643533699107,3.08102884083715,-3.36125813006863,7.42136012169411,-3.90238137340951,6.51966028129285,-10.0134605332699,0.210716205193356,Right
-10.2479051784142,9.92994052059965,0.280637058521726,-10.3086542896281,8.95503070642322,0.572214428443297,0.889367610821917,3.17654246199149,-0.357762856105201,-5.08603332502686,8.82035515437845,1.40476037982569,6.63017585897669,-9.70595792767586,0.607193343786049,Right
-7.41350901680856,15.9638694300411,6.05470040396898,-8.851359017133,13.0543723900784,4.67656475532681,-0.0859361570625411,5.87495130358042,1.7815832322717,-4.785774893665,7.30690779756432,1.14832899182272,6.41583758143779,-9.22911228512872,0.675376987404012,Right
-8.4974148726146,11.9313754725024,2.60679161101327,-8.83944970529501,10.7445616798963,3.53578925744237,0.256264631190373,11.4236951357903,7.09569186980827,-5.22284390238852,8.73330816087609,2.21135659611531,6.7483793945367,-9.74134117679229,0.0458285592721166,Right
-10.6099719719181,4.89213312245948,1.06046261555268,-10.7389032339768,5.42787314773432,1.1704252526516,0.695178711110878,10.4287292895993,6.00636902102938,-4.08110555286644,9.54005015081033,3.71227120627136,6.50960331284424,-10.1182845943335,-0.0299539902812474,Right
-10.7527181724165,3.35137232603962,0.349312166246946,-13.0080586096735,3.60414687347032,-0.151776080884148,0.955572347495561,11.6071861390165,3.61028612470112,-5.62117123145123,3.6096852823378,2.14249961643195,5.8390051343821,-9.97105827699678,-0.261301555214948,Right
-10.7527181724165,3.35137232603962,0.349312166246946,-13.0080586096735,3.60414687347032,-0.151776080884148,0.955572347495561,11.6071861390165,3.61028612470112,-5.62117123145123,3.6096852823378,2.14249961643195,5.8390051343821,-9.97105827699678,-0.261301555214948,Right
-11.0464338746356,4.06665385183356,0.621427159046165,-12.9071307536015,3.65735136085407,-0.778360186451685,1.947256680241,8.77181310832724,-0.255285468648297,-5.97284306016917,4.28809808142677,0.83198846304462,5.69601625138619,-9.26015506059061,-0.482050611444437,Right
-10.9547340578109,6.92252554970053,0.540681546338608,-10.9426325024088,6.53550754878188,-0.303781101876392,1.9391259684915,4.84605205242266,-2.23917002898993,-1.66180280978447,15.4070510696874,-1.59430336064714,6.28998348262275,-9.194441646358,-0.195405948510442,Right
-12.7992476141955,6.45298533808748,-1.95304527087084,-10.9519386866371,6.8361267724096,-1.74811888948316,1.49604182675256,9.0213028309874,3.33440178095693,-2.84115837394384,16.595117687836,-5.429257838648,6.32876559281439,-9.71773985375357,0.124399131672088,Right
-12.2510138201079,4.66563454039581,-3.11856445435787,-9.55346481661302,4.76166783910905,-2.15222847218924,0.517887464359315,7.03751676382965,3.86505965326322,-6.58084530380932,6.19257475249167,-3.55199048131858,6.58292275607118,-10.3892723263441,-0.448963048887952,Right
-10.4448757459299,3.25641957575795,-0.564898997228203,-8.89756900543562,4.33737194029335,0.134637670066257,1.3631471021757,2.6541286274055,1.86774671937035,-5.22570400102131,6.68211921095785,-0.0172628007224865,6.74114915448816,-10.5957528819746,-0.0346304492445212,Right
-10.2255436349693,7.07482125685559,1.01012042952911,-8.11710737909276,6.62740743945394,3.57564189603124,1.34056534093069,1.49586913348871,1.35983858682895,-6.04463191187219,5.27037327718615,2.28899550063249,6.6101988750998,-10.303109401687,0.419359146429334,Right
-12.7133853373053,6.55382867598572,-1.01587091567954,-11.1321947462097,5.41951562413643,1.78447167706112,1.69904742752769,1.47165971100198,-0.686956210011868,-7.73373160064675,3.19039117090694,1.21854455754831,6.59294277791795,-10.0801220845764,1.24620110537508,Right
-12.7923073412315,5.81431045768281,-0.656465210392254,-11.5858942725477,5.2312598093197,1.97718770438952,2.48260215794869,0.745919144885842,-0.706862886372498,-6.30634967267717,3.55041115812567,2.41277050400627,6.2806313041745,-10.4958071846888,1.41470117784845,Right
-12.5171938251238,4.89632954058948,-0.621732866095336,-9.41164642327001,2.45095344928636,-0.768972503177544,2.78894180961549,0.0763241981439867,0.933036001551161,-7.54903493391857,0.889825472724061,0.962660851244466,6.00744845682644,-10.5765975021963,0.810943145827472,Right
-11.3184262422946,4.39822549526159,0.37759131993815,-9.44640908343838,4.60369780766419,-1.4054721128619,2.09342000340655,0.639412003949297,1.65431505280502,-5.45299521079459,4.9646631537913,-3.70971751964031,6.29401078392211,-10.6508720813181,0.437204988379006,Right
-9.57409504894852,3.99440534981114,-0.0793351510134519,-9.73189499154322,6.75659506238875,-1.9370209982676,1.76495065499744,-0.0118957684691063,1.00730072134815,-1.50572993838238,9.18632557616883,-4.4337668219624,6.47904717491639,-10.4900712839279,0.310339477872405,Right
-10.8363380576874,2.77711320550729,-2.08202420341691,-10.5459506806599,4.34551090171627,-2.62701686607236,-0.276291016179872,2.91434161814411,2.63247500776494,-7.02268300203408,3.02984866620688,0.561978476825672,6.76203252077636,-10.5342835879947,-0.0246145736488238,Right
-9.86652702798595,3.18104053851708,-2.80701332679565,-8.26060890881373,4.83628223210764,-1.94510432608722,1.82550361642469,2.31635469320854,0.183422690868013,-4.74341324625629,4.34311685112213,-4.60243849678914,6.71352058260756,-10.3287460469183,-0.387415338314748,Right
-10.825690238188,3.76210209191448,-2.05245846332461,-9.11856998921726,5.72305741905466,-1.71385434488081,2.17359899596826,0.366121630136658,-1.14562845388507,-2.69777144783114,4.60589803065723,-5.30974068414832,6.4132362973565,-10.0776733348783,0.0584929385428199,Right
-9.56985452039951,3.68706879290122,-1.53397813189235,-10.2234062072194,5.7065634834823,-1.56420661027026,0.946530724772838,0.312556218011494,-0.500374729592204,-5.04257764003405,8.08295601806118,0.235751731151404,6.33729218317137,-10.1997671753869,0.766988580654005,Right
-7.26775363080859,0.594573019212039,-1.1243143563639,-10.3437224496041,3.42964775422258,-1.52393751261065,0.443570468987765,2.46664296969983,1.48162945722222,-5.26008825295523,6.80402511973297,5.07310399041859,6.35257695586531,-10.6798471999688,0.405856377071233,Right
-9.18639226873923,3.55531914138807,1.97242048564255,-9.67776273985036,3.86307256207784,2.04667276652593,1.83924781625283,-0.628872757379503,-0.0951983285582838,-4.5120302969878,5.18725456793826,-0.17181471425265,6.5508944470914,-10.5173520886221,-0.125535194553941,Right
-10.6311536641616,6.88239170040279,2.71376807481609,-9.94273619057391,5.94443870696172,3.23666318186163,2.09452878126373,-1.68776390557064,-0.917275113314498,-3.67692990037522,6.97176234597917,-0.772325643203716,6.32031664457915,-10.4568579586593,0.11602843222497,Right
-11.6612172107641,4.19847053939922,-0.923232494590859,-10.1527066572494,2.29726859567151,-0.461845429087184,1.87954883276709,0.103875901780562,0.745355035257319,-4.54657824291078,1.80433372567329,-1.63997030468074,6.58215264925293,-10.4095596529718,0.916288960573407,Right
-11.4106829832203,3.70557136307788,-1.16787772013413,-10.6597868590885,2.42865780171936,-0.33949586162474,1.46116880297105,1.52717374292696,1.35949716863489,-6.78871767404549,1.55046892983721,-2.30986194754042,6.79177314870821,-10.1474278180566,0.679595341496287,Right
-11.0746796260666,3.80675109791465,0.41396645680906,-11.216181197763,4.6003528090083,-0.312467866073321,1.56068231171272,2.40204448003348,2.18628587232216,-8.55120579917106,0.749721285707806,-0.681944535762245,6.71542941937721,-10.3633189761868,0.654532363013766,Right
-12.0211486065971,4.07433648416204,-0.610557442191973,-12.3744719273611,4.12363722375531,-1.167960286732,2.19146999963531,-0.297483053107421,-0.870448358893321,-7.46637582832933,1.47456303650806,0.501938298717189,6.43638848061302,-10.1519101193487,-0.0198417246061092,Right
-14.272596005024,5.46404050530742,-0.0696260163688559,-12.0876811580605,5.05137545525061,0.706525371021016,2.97474301110837,0.0953672545627168,0.371624022016775,-6.84582495583231,7.18730171589422,5.83534125000101,6.68171494607867,-10.2630819448682,-0.194556119964448,Right
-12.847124079454,7.00787936346541,-2.4366465276352,-11.1157801877255,7.01088144324701,-2.34672156734658,0.762293221092343,3.07779288467405,3.35520634898399,-8.13322392856512,6.55474386702728,-0.233896243064306,6.51270506971846,-10.2779150494238,-0.0078030568113398,Right
-10.5297447424136,7.34757620367192,-2.79514208764186,-10.1849233939323,8.4011092848253,-4.09634615047057,-1.09019621844459,2.66656071555042,3.4538108407564,-7.77323398300297,5.31507860788656,-4.28320224863444,6.91406814448828,-10.3895456929796,-0.0819414678289401,Right
-6.16106749849753,4.94320569981963,3.1611527784518,-5.82901317031147,4.87371373380493,0.877433414872352,1.03371977047128,0.0927063376530452,-0.000593497738659632,-3.66916160132775,5.05826149654111,-0.932393682190663,6.90208591609319,-10.5198176657236,-0.330659039563584,Right
-8.8580729795494,6.21350592971067,3.20471952363729,-7.19955291335685,3.44328809167813,1.61423304305817,2.77400761443216,0.720373299271559,0.240793673858142,-5.22122154515903,4.56136359959481,-3.66218257405304,6.83577392495332,-10.4146987858358,-0.0808529979262055,Right
-11.8220267231138,4.84950578441056,0.656267205789986,-9.75523282184237,4.69485197629484,0.123778556905021,2.02975218013803,1.57074557797292,-0.643464014152447,-3.51737830845034,11.174920175584,-5.4750426725958,6.67483767419591,-10.1980319683947,0.0263341737725036,Right
-13.0228111308044,3.3178290267917,-0.942922855900596,-8.3850541894075,2.86011111486385,-0.249151785021095,0.825207489008875,2.03516161077721,-2.52948502421884,-4.70536373898861,8.19507649152422,-1.90464484590531,5.82251552185998,-10.0225802711852,-0.265664740043034,Right
-10.1986767787472,0.00831761704832987,-0.377257836585895,-8.54149258796868,0.949165505752573,0.120643157975524,1.07191454188895,2.43458338660832,-2.67769273418849,-3.75566444468301,0.359074486800391,0.185083914040921,5.55879858140001,-9.82805542862156,-0.532673830862799,Right
-5.57259630412124,-0.336713923246936,-0.0173411273074168,-7.0096252411486,2.07471328185621,-0.480380691135701,-0.0402730303724902,4.25238881257143,-0.0563391108860087,-2.79808366381256,1.93618249567295,-0.611815141784182,1.51658593018053,-8.4027372602061,1.6987241136237,Right
1.019031722,-1.84765284358875,2.43421789112704,5.00811164471461,-2.9906638800939,0.0788979636593776,-1.65598111301713,14.1544164954978,8.05412866658792,-3.47917469300288,5.09208949072903,4.49948835885922,-9.09590047261682,-5.86855419961209,6.2721295657148,Right
-2.53471105264663,1.31474334956472,1.77726089714234,-0.745866796341707,-0.833342372569068,-0.305110701067286,-1.7417566705836,13.031559717771,9.01552249750192,-1.94948169660184,3.74855916682255,3.18434410945003,-4.12702180745258,-9.21882477771909,3.9278061434897,Right
-5.74209481414372,2.48733258674862,-1.61661180298326,-0.551054659570047,-1.72528054794289,-1.59967764954647,-0.299659644896909,6.27977574681075,3.04116765090752,-1.21449717409622,6.73404312239587,2.50911215551986,2.99271294913152,-10.012134777794,1.11160865869589,Right
3.84323802714149,-5.81076605200719,-4.00184112450993,15.7795173651848,-13.3125009047041,-3.5626287003616,1.03308351250648,4.68459423350542,1.84503337164,-4.44845111800919,3.57331459821211,3.02605440055403,5.67101375061801,-10.055178291344,0.821319290881983,Right
-7.95228756767921,-0.291431965930861,-0.849569000106669,-2.29761256023702,-4.45870480281399,-1.69448319785627,-0.316281022342998,10.4105535014992,6.08777170413743,-8.84930235138504,0.0153517767395594,0.347769562304553,6.37816351575411,-10.3862667615759,0.832767576890257,Right
-10.7318178916774,5.89089001343346,1.02079004741125,-7.650322265867,4.79393426169128,0.487475644786446,-3.57532380847311,15.1622842467419,6.30762858046189,-7.89076267617482,4.57984117331696,-1.33997110599577,4.83592568258273,-9.20227131944126,5.26135580599621,Right
-9.74159231375145,13.8258536833725,1.54211560523109,-8.70813424959121,12.3285612665937,1.978282394048,-4.71715769173108,17.5266145056792,3.7356450866769,-6.46773027327299,8.92412860476837,0.811267006111531,1.7465489846453,-6.72407609692774,16.9517594565741,Right
-10.4444112869248,8.24600460057164,0.65159803072503,-11.0685467444615,8.58275167748105,2.08024194974709,0.940841738750404,7.38111482182553,0.330232243231793,-6.06005606318176,10.0312088112123,-0.309074111105869,4.59414258347239,-8.96735213946404,7.07449754879239,Right
-8.96617899629345,8.71554461323038,0.81895720865138,-9.74809255530788,9.00908874864974,2.23179637335326,-1.49461888280077,14.999079594248,3.37541982746234,-7.16413792052342,7.89224956213419,1.71371724492685,5.73772220798939,-9.22412907819027,1.8201284799638,Right
-7.62929963870523,8.87463974672482,-2.29815498996739,-5.65341902192244,8.25993982402128,-1.49500636419367,-4.36315055639203,19.1328020952181,3.38350919619041,-4.5709906976574,6.35288934154206,2.09274098199291,5.52430715409743,-8.14684510104108,1.17277718093177,Right
1.86837516122884,-1.15565965226019,-3.35093395926798,1.1122622869319,2.01602663077263,-2.99102182600653,-0.990640764183146,9.0277845131559,1.88506227393031,-3.94273332249139,10.4507946162086,-2.48802272916474,6.19668678725434,-9.18580872664407,0.662889538945552,Right
103.887006365907,-5.49074772595708,4.64312729215614,88.0942887498391,-21.1383999729563,6.84285791491126,-101.089086529936,-3.37888538254802,-0.306945862861659,104.949284564311,-16.1457990999908,6.2712185413271,-84.7834477755362,3.53192113163987,9.20111082410487,Right
-10.9787378215125,-0.778506205171301,-1.11883995480203,-11.9383816382771,0.409069472154463,-0.832306790573727,2.27842609960336,-2.92835153513997,0.514315147417821,-7.66329141080253,-4.31647655039391,-0.565407121275346,5.26597391241814,-2.96769724571728,-0.10242138278289,Right
-5.85231065330209,-1.51253964852713,-1.3536826533811,-8.30533561187317,-0.744691000324447,-1.27798459048009,2.83936562141001,-2.31573517783537,1.39535163058065,-9.25370204747842,-2.50819556377269,-0.984749402671155,-0.690884179652952,3.56707527993488,1.55434132257901,Right
-1.47744369757821,-3.70824169886717,0.997519462255485,0.747905067645901,-5.34273591107095,-0.203106995925615,3.57322779924561,-3.37307777973991,0.249111552498952,-11.2624559135017,-1.42120251037468,-0.968507962895401,3.54504655014266,6.36442156629343,0.837751629566556,Right
-10.9051527843152,2.10355204890387,1.09998967091563,-9.16875219515216,0.938081821070136,0.212090445137981,4.31636104068817,-3.69004255656329,-0.373111304168828,-11.9361131494554,-0.198704066536612,-0.540836098143009,6.59612251988073,-0.784743737662967,0.213147602766623,Right
-12.5198853498163,3.0993354477161,1.31009217704072,-11.6826790424221,3.55532740944197,0.906725521199707,4.43050551334119,-3.4080440923718,-0.0453607076536551,-10.5357327683458,-1.14810210792004,-1.31179938673117,6.78578773147655,-0.570265910577351,-0.32734903337866,Right
-11.133449924846,0.58301203295837,1.49690577309869,-11.1454068868603,1.18243565742534,0.733144895089494,3.3040818994452,-2.44790760060042,0.5673047042461,-8.86827915610674,-2.28375286319268,-0.288076354330092,6.72803386210436,4.46385659558752,-0.302645094953702,Right
-12.4574422477229,2.44753594013338,2.19749279670375,-11.5950320304404,2.91399610158954,1.70585832199655,3.77332369678609,-1.7968781620559,0.401883039225936,-10.5512819984397,-0.896897953280893,1.87551590223248,3.97310809190345,130.111539126169,-1.23423926488258,Right
-11.8101453961626,2.95818710743802,0.503928361735782,-10.8672762290445,1.77222005233094,0.599036620963726,4.09945633693004,-2.29145066849801,0.0838959101646766,-10.0356726673933,-2.0786946434774,0.0609489762748738,2.08015270046508,199.580950660791,0.186207932901683,Right
-12.5611719485114,4.47635579984438,-0.784354713323589,-12.0632008092562,2.5461331777195,-0.715367104691533,4.05094772229956,-2.80685373591656,-0.132392833675089,-9.65162206627902,-0.481236661593879,-1.76711172864339,5.89555342648409,24.1260501921568,1.29689393215503,Right
-13.6683231208553,4.07256825443856,-2.27308410422231,-14.8935175225247,3.3900276806055,-1.8921016026269,4.13755071406535,-2.96535442192609,-0.318962753541177,-11.6153212306206,0.202571613672234,-2.34309752885803,5.79545686111172,-0.272238853301071,0.291567289786265,Right
-15.3725033886697,1.17593291921489,-0.932165943051195,-14.8925097010164,0.843093072361174,-0.787353478401509,4.54088689567846,-3.58383668324177,-0.311937783533334,-12.5777063818645,-2.05529763897241,-0.663658725651497,6.24906501428089,-0.994864029029267,-0.0608460285323312,Right
-14.2427938686125,-0.26117247003476,-1.26411206564481,-10.3441303299624,-1.61082650094276,-1.61503817778585,4.89229461654443,-2.43524928316622,-0.0253034633169038,-11.0459261205541,-2.96385386712064,-0.615489743865391,6.80240815913936,-0.526366598389018,0.455350612774225,Right
-13.5264805940877,1.19393575310889,-1.07605328219944,-10.4514757379021,0.907461349167848,-1.1117629320892,4.41419596961229,-2.43191229202721,0.120205973356256,-9.62145117268441,-0.386608870932866,0.225414542698525,6.81232151170336,-1.35365897506408,0.243867554012486,Right
-12.0107177162553,3.30199799774508,-1.28801919918345,-11.3244803652847,3.56016551937176,-1.7709758455393,3.77772553872835,-3.07471357538956,-0.115999349900938,-6.53754020106241,1.65569545943881,3.9647173135777,6.78143510942684,-1.86014009542159,-0.348761009457639,Right
-12.192852565268,2.30505859669929,-2.32306649973297,-11.6943592801965,1.36620440413207,-2.97902470030632,4.6432225401947,-2.70149092914935,-0.218874721828082,-6.84337372392476,-2.50955762535003,0.410211084214434,6.7634760937956,-2.21948335589996,-0.157060635402045,Right
-11.7993568619372,-0.797224272456942,-1.58037959632818,-11.9361483869861,-0.117833567361518,-2.21906244225079,4.69039033732887,-2.65773856015395,0.111213150146339,-10.2762133341562,-2.8456908006374,-1.47145725062121,6.74977598934895,-1.91938289984688,-0.259070567116011,Right
-8.67475726427549,-1.99452187096516,0.103430977901696,-9.18219139748658,-1.51026158090118,-1.50978016100969,4.96655445932217,-3.06999295426492,-0.0113288166515733,-10.9379841156064,-1.75376461866807,-0.700080246369714,7.00676653335241,-0.801126000769961,-0.2069481066635,Right
-9.99957675233171,0.465122035689038,1.1014116929367,-11.4339001656132,1.1416465961743,-0.30901150600968,4.47927094887336,-3.47449045585303,-0.722139785034176,-11.2079058905096,-1.5076679483473,0.854942373135205,6.95098421138694,-0.564951802160856,-0.327073927593822,Right
-13.9703018690358,1.92142672995871,0.248253983803914,-13.5269943270475,2.14800987190961,0.10896569648822,3.39502636780072,-2.99683627288566,-0.818631315552858,-10.93486679434,-1.41923514068194,0.578629943153833,6.67092105482883,-0.664823899110313,-0.211998074994461,Right
-15.4397471788745,0.880721096618737,-0.329081053040122,-13.7877664877769,0.742760140433066,-0.715231010300207,3.13408184621232,-3.0856236436691,-0.898968477950754,-10.0526054034283,-2.88267602702186,-0.380117549008329,6.81397246462237,-0.448677946145664,-0.0634722911103375,Right
-14.8976245686422,1.41695736898045,0.509872890989577,-14.1151718404472,1.66960075938439,-0.0938597466197475,2.48905403088689,-3.89193057557616,-0.45469622924172,-10.1419157116066,-3.11887067383578,-0.737962641806672,6.85956993879441,-1.04868158627231,0.193650046114808,Right
-15.4311416950182,2.9658218103499,1.15281599647722,-14.818404341938,3.19835810677844,0.925310088065105,3.13679213618762,-2.44450869727704,-0.367687216616652,-9.46760941248965,-2.11294061463337,0.165462538655636,6.92937553978847,-2.13602311853936,0.513004125260809,Right
-13.9151137172187,2.21910032838534,-0.0166420550383802,-12.3471555024014,2.41382649602227,-0.577632993630058,3.92388243921481,-1.47007503605585,-0.427940289139687,-8.52453913850364,-0.135251269865243,-1.86710306872389,6.92191060201052,-3.20792841614426,0.10018968094405,Right
-13.9151137172187,2.21910032838534,-0.0166420550383802,-12.3471555024014,2.41382649602227,-0.577632993630058,3.92388243921481,-1.47007503605585,-0.427940289139687,-8.52453913850364,-0.135251269865243,-1.86710306872389,6.92191060201052,-3.20792841614426,0.10018968094405,Right
-14.4313575836017,1.21622281825651,-0.982877278192555,-13.5931841296954,2.04882650194745,-0.640850776299827,4.43142413261907,-2.97410234247263,-0.593754608906654,-9.57725732921341,1.99106205404846,0.486265942863601,6.84142046287081,-3.05803014592478,-0.0406680109083307,Right
-10.5867314957795,0.594653986368676,-0.123737010965389,-11.3007941094388,1.89374483857251,0.736408391854854,4.84570472231794,-3.34468116221934,-0.665238332207637,-5.93722956664434,8.26886516222189,10.8916047796798,6.91522603354785,-3.0283845867848,-0.348017113973464,Right
-3.76829795675043,-2.67776766325956,0.0986903779780801,-2.6848247888142,-2.58823857451371,0.444785056163301,4.44081932160168,-3.52268915653063,-0.031984797425646,-6.69716268332138,3.81062372344507,5.61836154749202,6.7109411620703,-2.2016040413282,-0.314136908058143,Right
7.65496849791348,-7.76970120311159,-0.569049833671681,18.1118609289547,-12.5117944466898,2.22145922712452,3.41938863393932,-2.46847603298586,0.233463659011571,-8.2586855899758,-0.973026862446352,1.82546530258072,6.45814420824646,-1.61272286530449,0.0411844913422702,Right
13.7041318123402,-10.6276772637798,-1.84936572950005,25.9038529511322,-14.3933549716495,1.14176327840802,3.87640193675736,-2.16380077584169,0.0965930330928482,-9.25080502628395,0.284090018914905,1.84917648303425,6.39170011834709,-2.21532265818531,0.0880601053541385,Right
11.0066544113923,-14.1552377950693,-1.01281756011309,16.6076663861131,-13.3164476594395,0.689556228256196,5.07614556062101,-2.26569041760708,0.362910524275618,-11.4631420370348,0.483310447931846,1.34398216088732,6.90343206338864,-2.21088926331469,-0.254545683823587,Right
7.67517363232193,-12.223806382066,-1.10673876072479,10.9693623482208,-11.8080402786583,0.120357456130871,4.42454224888041,-3.03865903861172,-0.0927948199290483,-11.9393036667906,-1.54529847764781,-0.265401993348277,6.81907538808735,-2.0702415143035,-0.0329969041917713,Right
-11.2680568310699,0.682098085898115,-0.277855433089462,-10.5522265263408,0.258383886844684,-0.590786001136868,2.51934977117307,-4.20634888239386,-0.26196361337968,-11.3320555574244,-1.68480895004304,-0.0201936347499371,6.76965082164165,-2.16068392249799,0.0235911132163824,Right
-12.5985442954253,0.814184477375432,-0.164468274100678,-12.1268110479256,0.971981522695622,-0.10490596066786,3.95251521220324,-3.46352134716343,0.12728308260193,-11.5052005428555,-0.670406218914255,-0.494608733865173,6.74737186039289,-2.00534248237719,0.173502390200636,Right
-15.246489195329,2.56828115639415,-1.38730439031576,-15.4279516032482,2.67174373572509,-0.940011766562767,4.05567445981161,-2.46522364373116,0.534202022059205,-11.8772522256392,0.564239271055571,-1.49798123354005,6.76653749959839,-2.06258324879817,-0.174683096374485,Right
-15.0645918307322,1.93447733941527,-1.77161749355601,-14.2751421030578,1.09738306249496,-0.975006687238568,2.40345361727763,-3.41127250054913,-0.657512815824759,-12.4001230014314,-2.08428210594206,-1.21134397049252,7.07261874624731,-2.90753409127063,-0.377773780248721,Right
-13.5844118453916,1.32193683632317,-0.260805213523229,-12.0473338257091,0.292560302231581,-0.131562535339092,2.08886337264487,-3.77639010603725,-0.900081423909564,-11.0757581165825,-0.616208352421328,-0.321244612566606,7.07729107377588,-2.77680774704126,-0.265448202230617,Right
-4.37313245285158,-3.85509829016458,1.03611314661985,-1.8012546744872,-3.90609116877706,1.70148742664086,4.00122765222996,-3.42377336729853,-0.674505626894944,-11.4162569455683,-1.61371591188673,-0.597306415169574,7.04963268559031,-2.97662529785517,0.0285911931228697,Right
8.22686552200988,-7.5309387578508,3.38568517861335,10.5789464012026,-7.05743261933353,3.84001628265218,3.50587272904016,-3.75181057119982,-0.00329572675330092,-9.65866619529236,-3.03956108209533,-0.434865260774302,7.03524521262477,-1.76030786061844,-0.324135826693836,Right
6.1153965679409,-5.28253792988571,3.7478167336353,8.57575151726645,-5.7404477695645,2.73970434869704,3.8898262013915,-3.52109888066298,0.563952351847892,-7.50324357494576,-2.23102754562639,-0.175290411427526,6.84140867813213,-2.64788376073373,-0.441728293543709,Right
23.5044422834285,-20.4014733625997,1.33880017967965,31.3473109549735,-21.1819242819086,2.48357883300377,4.22382912779624,-2.85066729982138,1.36761476230795,-7.07922100682779,-3.47368060957704,-0.736164826741183,6.44202713688724,-4.22010466002851,0.661408941380171,Right
-5.72439520254451,-4.47827864166245,0.880996835671758,-4.19275640611579,-3.64727248107018,1.72741182248725,4.24885775988102,-2.50383004545762,1.0776441614242,-11.1948385771724,-2.9889133398294,-0.617288895112526,6.70738779129669,-4.15233531235289,0.359571721076593,Right
-14.5008221682616,2.26781202327416,1.94800114256468,-13.6011568014158,1.60334492697083,0.72657864760871,4.44221639211754,-2.77991965390377,0.426079435406027,-10.2523063866972,-3.15217360409518,-0.635670348388783,6.75495949617234,-2.956833298756,0.171315824304074,Right
-13.0600211959388,2.67144627155391,2.41614407849258,-11.105909763775,1.09856135044698,0.612413754800307,4.11555593171454,-3.31863499531477,0.167681360804159,-9.71924693180608,-1.9487357855561,0.0869477680656903,6.68628619214806,-2.68022497538387,0.272423193322025,Right
-6.78044465727954,-2.94254798271161,0.581109171818979,-3.75627389857652,-2.31052498823993,1.98078942257517,2.98655420548759,-3.56771120139951,-0.419280668865932,-9.50400044406409,-1.54470122023463,0.801515182380215,6.82904037348598,-2.26134363042185,-0.268999085673807,Right
-3.45057032045361,-5.13719928925747,-0.00494420362074244,-2.298719227856,-2.98786312762871,2.07052961552194,3.39871569792901,-4.04195122220883,-0.542091283123344,-10.3885156425971,-1.78495146748989,-0.518180243168961,6.8997683430103,-2.26814471774097,-0.393375538761171,Right
-12.8271128512866,-0.0996864403909805,-1.19131072502705,-11.5626261932534,0.665102548719284,0.10097541389568,4.16111456244117,-3.54967768857502,-0.326417236151022,-12.7193972106603,-1.88787049481803,-1.22579071112199,7.01584546189426,-2.73872889969744,-0.409876899105368,Right
6.27106650532648,-14.588922362311,-3.32085695535296,8.91145777112574,-13.3957735619239,-2.20121160207239,3.83870530896859,-3.56469753809294,-0.625270480459787,-13.3265899413232,-1.7447013205265,-0.95526037538009,6.92609874222652,-2.77113692167694,0.0552781182362158,Right
3.02784262954244,-10.6700884062982,-3.36052493894638,3.93378245232884,-9.14628432791105,-2.36067501519274,3.96731661741074,-3.41539368626881,-0.37936235266845,-12.2271191409418,-0.241766764526069,-0.53260148103484,6.39743076855488,-3.18642407632775,0.252185552815467,Right
-14.8983484454531,2.20059369423861,-0.413259022923336,-13.9012288764844,2.29182445966874,0.102222959038066,4.59521709236701,-2.83251001790058,0.388588575535668,-11.4094068582474,0.565730166306402,-0.259217977079567,6.25499292285813,-2.906026170475,-0.246637939834074,Right
-15.0660716146034,1.57692126674141,-0.0867782227668801,-13.8979934252694,1.1352913991932,-0.379477765698375,4.45169851469284,-2.04576488782803,0.343825180491356,-11.6166467650117,0.327670305965247,0.422482500095155,6.71727463004544,-2.999790918501,-0.136732383205939,Right
-12.8033610805379,-0.485603235733783,-1.1138966483342,-12.0785729391146,-0.196813813881338,-1.37555257914358,4.22707021078949,-2.59557293337866,-0.357323868805192,-11.7659720872557,-0.0671170570412879,0.196004443807964,6.55776782166599,-2.55899409144087,-0.24158177935154,Right
-11.3639565186599,-0.798531350706236,-0.193267285625847,-11.4027129993308,-0.289513378975083,-0.571765804754939,4.28983633994048,-3.15885196246804,-0.842098007624171,-10.0638609990504,0.0581006696235872,2.93588087614566,6.88844953843789,-1.83808413880222,-0.326287491230237,Right
-5.60295942176108,-2.69214138965679,1.59230160624991,-6.60656139497542,-0.666297325747585,2.32413014170401,3.3968997753689,-3.92495223643871,-0.66085470415353,-9.61144946089918,-1.18398394207052,2.29142557684484,6.91633270324745,-2.32959185578641,-0.245793997498145,Right
-5.82788874413225,-4.8264836285964,-1.1914290691468,-5.72410538143998,-1.96260624889023,-0.868222242437792,3.27175857677905,-4.17247832928847,-0.479632227201469,-10.265452884672,-1.64431974091978,0.585967140497763,6.90948587999363,-2.93486977724593,-0.439844121549215,Right
-5.9922707661499,-2.10438522306776,-1.35992452127163,-4.69461626959122,0.63481143697363,-1.46670326768552,3.86879472092858,-3.89015294605647,-0.257376050882348,-10.3444234814541,-0.607821546481884,0.0997790753719281,6.76390635088922,-3.59065989670126,-0.365995686116185,Right
