95.9539560415679,19.2728733665268,0.872599873200539,-100.141152858511,16.3679196365807,-0.41426325185741,109.460267429174,9.80848342342392,0.717342909382701,99.0697056351255,3.74675881587571,-1.88842842846615,-233.001022137676,283.894651719424,-71.8549431734695,Neutral
-3.53631683919038,3.6567798884061,1.10175398725325,4.01951729500926,1.8501925164972,-0.635842547078376,-3.31393542036243,2.10503121885407,0.517061527385854,-0.784729103869941,-0.915928206016999,-0.61241173907429,-66.6285136719962,108.031844693536,-45.5729528578304,Neutral
-2.95225340655217,3.05999241087405,1.90258675922983,3.0382884016466,3.12589361673621,1.63055483252432,-4.23422305144798,0.546716467103032,-0.679735451358614,2.21794507434086,-2.77516159734944,-0.786120643640134,55.5915943934406,81.8649229796466,-1.92297320797744,Neutral
-5.56122342028824,0.645202966677664,1.75373703086572,6.87100887268833,4.55533613013032,3.70320000343695,-4.83606718508736,0.6024498569995,-0.575114763677622,1.47768320215001,-4.31950924108743,1.14028081069904,32.7790998426459,80.8176039471849,6.54483806381664,Neutral
10.1876232452189,-0.22110699479814,2.35129046984913,-0.477344533521429,2.50221953418542,4.31740816456252,-4.39669331536175,1.48125277088028,-0.217587091395322,0.199156874493131,-2.8068508302109,3.72738005685455,-43.117559784647,117.477631694257,37.3964604972542,Neutral
21.5891117800195,-1.61091473994369,2.78494780556301,-6.2659922193279,1.02747809320289,4.57933091525577,2.35297905819339,0.877854842633251,0.380340502740919,-1.49039515267701,0.568650586620431,2.27786555714832,-85.1403146164953,33.4361513714851,3.69379832233644,Neutral
17.1698894653506,-3.14952643524027,2.24301060489067,-7.46746089872969,-1.23066545809222,4.08799092733266,10.6888307561861,0.322964915369666,0.141578088813658,-3.82146281255037,0.982663128864066,-0.293173315334041,-73.3010588032792,76.3256595681921,-26.4635304122833,Neutral
30.0344664769982,-4.49793653605537,3.33516503494617,-17.082613192111,-3.85794297497563,3.70161912971541,-1.82882360267264,0.977457047702046,-0.37383399378594,-4.26805908887424,0.492070801044913,-0.327206985532351,-0.725589685693821,113.748450317958,-39.1762173032797,Neutral
-2.81772049189607,0.679873577665596,1.67640440515849,3.58930942657123,-0.649994848672499,-0.530247470895761,-3.14272736099923,1.83243328883711,0.0867265077542881,-3.86068570688788,0.403588728471339,-1.17303155131691,-9.17023033536026,86.1240771063791,-61.7312602016477,Neutral
-7.862361855569,1.17868755634391,0.0643574548921844,6.50418805667454,0.438792271524064,-1.84405675872474,-3.93649194436749,0.958118456335163,0.0604816854350461,-4.03109743332583,-1.08008608403405,-1.16796419531379,-37.4621420994406,108.190953119803,34.9311696412437,Neutral
-6.97359013140277,0.69991119018356,-0.754113157892524,6.79121294526546,1.97252757056178,-2.90878522624138,-3.47656210512032,-0.13491023214843,0.0254651918335948,-2.8094581805924,-1.42225249944998,-0.481859539847122,1.23198069501746,160.794168136334,58.5629632276476,Neutral
-6.34255028020939,1.06169456723201,-1.26643303335087,7.2828997162836,2.06838362649004,-2.54442345803919,-0.33457154711864,1.62009295033813,-0.0240359525715046,-0.877975607454136,1.22467164215852,0.505940778396972,19.8656190122098,228.117034294198,15.6357122770319,Neutral
-7.0055510580579,2.176949847721,-1.17708565714903,7.5489594046756,2.06431138902483,-1.62830021972185,-2.74955260969616,2.06851202304968,0.413453973010903,-0.363084552746554,-0.263439366917117,2.56412777441227,29.1824842108802,128.515217089063,-7.93046954151554,Neutral
-7.29492605995165,1.71580864207295,-1.27829121856086,8.3673166974194,1.34087149676444,-1.51096432862004,-5.30457117861676,0.402787833117843,0.511490401605086,-1.86740658469822,-2.02661334901983,-0.982296191110265,-124.734702249082,91.6200583066099,8.4149659305165,Neutral
-7.29492605995165,1.71580864207295,-1.27829121856086,8.3673166974194,1.34087149676444,-1.51096432862004,-5.30457117861676,0.402787833117843,0.511490401605086,-1.86740658469822,-2.02661334901983,-0.982296191110265,-124.734702249082,91.6200583066099,8.4149659305165,Neutral
-6.35381035425031,2.51547256781882,-0.276197411928093,6.13859818321011,2.77327496620668,-1.64155307131218,-4.57860945802969,0.0821944217911485,0.627611781013361,-1.39799323807072,-5.406476394073,-2.15918678505221,-134.157929707981,92.1535746473068,-22.6156433243707,Neutral
-0.836446512840318,1.55671671994584,1.79129149231638,4.34922192367933,2.6378997047941,1.45530123542674,-3.66367237164208,0.305045629155006,0.165916870367276,-2.25961007222028,-2.67176292828357,-0.826713683982265,-36.8418575094384,152.416710773526,-30.4274299550677,Neutral
16.8149095959613,-7.51915085598523,0.4729355963971,-3.03709443994387,-2.80585597759875,0.903077214451131,-4.63952443077801,0.75207941942188,-0.438835976360429,-3.07335827323489,0.221936410381405,-0.354807908599365,-23.3354789682952,50.856992505579,-31.3161385799938,Neutral
28.4441594640683,-12.4493663977377,-1.24122436014184,-10.35551752611,-7.2133457435616,-1.71448258058738,-5.66152124258251,1.22596453282491,-0.408855555097664,-2.64957464009833,0.708240795263154,1.23373830945109,-66.3395428737939,111.254616385569,-19.2325406861014,Neutral
-1.67770650442308,-1.67159251738574,1.10073786978441,4.3538151909078,-0.31072694020492,1.22947163951705,-7.1793005504086,0.943503265930932,-0.0496806602530889,-2.76323903699065,0.983120608197609,0.998729473298063,-96.8950539401218,249.173001833049,-30.0326427589203,Neutral
31.0637736774608,-4.94045632563766,3.45957309792725,-16.6677337047294,-3.62114898434914,3.88449589832704,-6.35846120630638,1.36822239731118,0.0630581688872632,-1.54133393498945,-0.699162699682833,0.0533567098939576,-125.48376114102,204.153534228576,-27.7956031119492,Neutral
31.300048287624,-4.65128812433547,1.55028617633512,-18.20525555318,-3.76648666292378,1.91223608175152,-6.12569582481764,1.72788889353118,0.306286626322187,0.91869097276505,-1.67724901159349,-2.05542249882206,-108.286392754102,161.648084654481,-17.3837139143573,Neutral
-3.54076782457249,1.59540714541616,0.517039957620364,3.69268599468077,1.56148898408363,0.747903060710847,-4.69705952206181,1.73081933630632,0.13723462406247,-0.841839847076785,0.713336485780996,-0.748035620406887,-94.9627690456807,187.279223926184,12.3692183973352,Neutral
-6.99528884158983,2.29283878441744,-0.151444079701302,6.15485069346566,2.44178528640572,-0.00941740119026394,-4.19207659964477,0.345475559429725,-0.0606593930596068,-1.83372494192664,0.486130630048115,-0.476253896538704,-81.0815540933775,163.003290772076,13.9168862448795,Neutral
-7.38848567103845,2.28123990977828,0.746147574185634,7.44447413503972,2.89605036062313,0.549477416242407,-5.45971413887627,-0.338649994933499,0.0517189530464663,-2.24520447343617,-0.198911671350378,1.08481404045038,-14.3648610764493,81.0162821636693,-25.4752616214519,Neutral
-7.5223459105745,1.13223640264805,-0.507904749126215,7.13230311087543,2.3213896071128,-0.502607708555851,-5.76402752389061,1.02768221214801,-0.169660244240467,-2.73009124332992,-0.221854763500613,0.261936342657939,-24.1315069270818,68.9108685859201,-16.1541874169466,Neutral
-8.1504401569513,-0.757287206107957,-1.03700594823737,8.58709170620323,0.350880500033332,-0.950987166196357,-5.64624524085281,1.54101606090277,-0.0588156228719355,-3.46212143066269,-1.39654922925491,-1.89740876114264,-54.401624732721,44.7026549281771,-17.7507909127103,Neutral
-8.03756952937666,-0.916090857534644,-0.680324610618967,8.21640500171824,-0.14752056282542,0.261996304357628,-6.39399767727499,0.385775895517754,-0.0944448460633354,-3.14457328059216,-0.833727956051774,-2.38897437874413,15.4887272668071,87.6893955988735,15.4208557926441,Neutral
-8.22008465296654,-0.737355988093673,-0.885600443323129,8.59554530668494,0.613434630261431,0.0646943183787129,-6.68164090203799,0.0802369654079056,-0.45331108420371,-3.40279626748157,-0.745707201362545,-1.8604614200426,34.8166806254326,121.636785711392,29.9489450149406,Neutral
-8.31274448142673,-1.17296726440875,0.600087815804986,8.39234484290241,0.715516725538968,0.138168913013959,-5.88768160335676,-0.154027637604421,-0.661243440931086,-3.76391251087146,1.13128372424593,0.0813555068088636,-51.7705620696154,231.336126743167,24.2484547035785,Neutral
-6.62871195788916,-2.53639067683007,0.290577004705927,7.3268602546189,0.928577585740188,0.431672879118062,-5.57864324040309,-1.02058593927654,0.00776054599244615,-2.61440739134975,1.31172134575348,0.0186524196976082,40.3049937756696,183.683484926983,-30.7659697500057,Neutral
-5.84290018864192,-2.89457992319781,0.722631484202842,7.02785138380836,0.129731628097602,1.04462405908667,-5.67953885590968,-1.38976884226663,0.547818901146858,-2.3789361850566,1.75192386300588,-0.121815059953276,18.6571737945787,136.398377912648,-31.0775271677121,Neutral
-4.63173700459156,-1.91684975650912,-0.265097686884551,7.07911458654189,0.302503577302661,0.570112962531504,-6.52862694216683,-0.245512796048386,0.473416234818934,-1.97222649166297,0.765862641843622,-0.592459023566077,55.0309617356186,90.7695393633189,-51.6860245754566,Neutral
-1.42015523831906,-1.87671561902203,-0.15412064603424,5.24247184625409,0.12541356469129,0.382474061689171,-6.15544259488179,0.913404912281199,0.722465858801528,-3.17096848974094,-0.453375603560638,-1.25722522417249,40.0957868488268,66.0339598075534,-45.8509793354666,Neutral
10.1325243377113,-2.88122969887759,1.07674583847475,-2.55553753912246,0.509785279432019,2.84156523329963,-5.36501265344584,1.22795921148317,0.147541193869898,-4.04670074397706,0.11162263140591,-0.329030544188932,-39.8701564538766,56.9629191086519,-34.5449373298815,Neutral
20.6040568896187,-6.67359267436521,-1.19477202000879,-13.2957828901516,-4.57048025265872,0.298679411440603,-5.45892002009401,0.705838986470035,-0.0463809119684039,-2.52103693979061,1.01930702350103,-1.33830868973572,-45.6419900396212,94.9847520749051,-19.6582440974576,Neutral
7.26303968815065,-4.65442380593998,-2.00500060550398,-7.19334742022128,-4.35914552446053,-1.59446913603679,-5.01509296011522,0.753215758493718,-0.352025827315455,0.158138973895394,2.43422147243879,-1.59154172126444,-80.2185417534693,140.54681013784,40.4940968961966,Neutral
-4.38495736655095,-2.83704473055149,-0.409790329079318,4.66091868405702,-1.45139600499609,-0.635034057429131,-5.65039045133323,-0.234053285418922,-0.0767960163133107,-1.82183158726154,0.913258247107716,-1.28420811495871,-114.165538981258,149.090225116092,90.3579247399598,Neutral
22.4971991485937,-8.77521180872208,-2.67449511302308,-15.1597813532176,-6.17531176914456,-3.43792817534679,-5.31420783982522,-0.445288966111688,0.737605419461303,0.761762711908407,-0.476547039226274,-2.05065782527981,-31.8337476823538,3.20528890086654,36.183808201804,Neutral
46.1716391723738,-14.7552017492616,-2.48803848337704,-34.7474886540312,-15.5152660512661,-3.78343323214863,-3.96171402493117,1.76657837932142,-0.0746433452380587,-1.39779715604876,0.822731455071525,-1.53266013533177,5.68108975306611,6.15128435158049,-8.59615056114517,Neutral
91.2498895306747,-26.4843862454254,-4.42845150140373,-65.5257726300932,-27.9570148390175,-5.62271149408472,-5.43123103377038,1.92792460335936,-0.396618203421221,-1.24866752767061,1.37777591709859,-0.771426010959427,16.62956661842,108.44054110081,-39.6256287957087,Neutral
60.716066972938,-16.0378472902485,-4.70361309975507,-39.3088182123342,-16.1958788639018,-4.77470900104665,-4.77230022722703,1.39349440218955,-0.0833812009794054,-1.38347453953081,1.45207383482013,-0.492504547725402,-17.4560833569374,157.030988473289,-30.3234665865001,Neutral
7.409217342035,0.779233357853462,-5.4323862049513,-5.63277641794085,-1.21127710978541,-4.24469502972914,-2.72852234013097,0.835276822233412,-0.202705896962339,-0.780558425686993,-0.7945798835467,1.56062775751433,-103.109977711562,108.494763401534,-13.9779441064278,Neutral
11.906307606733,5.68044337869365,-3.92239065843037,-14.5871104618983,-2.95953961074983,-0.355164185402446,-4.539286034626,0.469318730420916,-0.758833951414701,1.51038189584122,-1.19240599039241,3.35570351227825,-121.452787035532,132.319065401743,-32.8227086342444,Neutral
2.10211946356558,18.0134318074436,-0.761235490892383,-11.1899213521155,0.812391932734921,0.250221959184923,-5.79610751869976,0.487967275218177,-0.920189442152428,0.145993179328646,-1.74488360125121,4.49394003510271,-171.536010032595,168.403708482498,-49.2318088745179,Neutral
11.6903137059239,8.52059358010335,-1.80392657467476,-19.8970850411286,-4.13964008513386,0.276161007641982,-6.37606114172717,0.956425174586891,-0.34353705069642,-2.20120427145185,-0.680180322771948,1.08317863912371,-157.806980978057,141.421468536162,-33.7296734660506,Neutral
56.1217215878128,-5.89621119392175,2.1982182195343,-50.6131017941064,-6.39248143628709,8.02035165025636,-5.96708950059779,-0.79659518085152,0.751027210600953,-2.27723599915073,-1.38718147709309,-1.51224781102564,-91.0912771675681,97.7626507170917,-14.3839866469999,Neutral
88.2007255619001,-8.85259740984387,6.08921932891325,-63.3201094545056,-4.19107840569317,11.2162176725306,-1.31733578372552,-1.68103139178287,0.383660086852229,-0.838023216680185,-2.09624099726712,-0.0890651350838694,-88.4534128888774,101.687137292542,15.186945141758,Neutral
61.5941505919726,-7.38483634232434,0.9310228390594,-38.5732581056304,-3.6708302167749,1.45725057632076,-0.721628195308186,2.0790359483708,-0.842596173253243,-0.336511255794496,-2.11848197102377,-1.92339574733845,-22.7928028986862,-3.95433307686414,-22.5699783611962,Neutral
3.86324791913007,0.0384388663979408,-3.76819770125338,-2.39521004430606,0.0989267492256836,-2.64289336654546,-3.5987171283629,1.47502393632905,-1.03934367733906,-1.39161509207641,-2.6660382809348,-1.18709382984214,24.3837283113634,35.5815387725896,-61.7274362468222,Neutral
-8.43594079197614,2.99529255725731,-1.89944205511048,5.71655449842265,1.78219038514312,-2.47697706907163,-3.95580939724133,1.50720972156253,-0.631866090417065,-2.9419222931019,-1.90186443975652,-0.739376448889215,20.8853963068893,197.570179802491,-79.5287942425831,Neutral
-6.78111415902538,2.75117713964063,-2.40134641145818,6.39590104453451,3.50213725564144,-2.61558928203781,-4.99660855698047,1.22978050743743,-0.00573073531468089,-1.19667786483418,-2.49315974121199,-2.46313598042224,31.6411078712144,185.841483269862,-68.6913249409808,Neutral
-4.31928200096883,1.98496539229918,-3.68192449572693,4.8956958929598,2.73533046963948,-1.60747836359088,-4.55767750023174,0.210611147255593,0.184143325091337,0.920035411648086,-3.06387362625467,-2.5272865561648,-48.6139806291748,181.200899601202,-21.4349599788408,Neutral
-2.83611246690866,4.04651168899981,-7.60858803983022,2.4283715397021,3.70207811415374,-4.6293247357602,-0.842389592708293,0.720978897263795,1.23220091907222,-0.184667044867047,-4.96834339480662,-2.2884688654869,6.70214680286101,139.511503251231,35.8864232548998,Neutral
21.3372090528211,-2.76079722569754,-5.1646624791127,-18.3545708063863,-3.54929666489231,-1.80749764563969,-0.523609877177455,0.499446706957927,0.526965309698753,-1.51664821327013,-2.86362954426735,-1.66041459157958,-37.0192273285389,223.903352115996,71.3729494818953,Neutral
50.6709530981939,-12.2892840758949,-1.31763588698548,-37.8568955615653,-11.6421965580311,2.00210294573942,0.831517569324058,-0.160681803151482,-0.375735004120504,-2.60243037881775,0.68278088399915,-0.228729008427638,-30.5208772866891,244.05772624708,62.3031023717513,Neutral
95.4169936792551,27.3900456705367,-1.32965271060696,-95.2996425911778,9.84418776782882,4.18985157586072,106.483600082533,4.27490328568501,1.12420020279425,106.56234679817,-10.9939563041161,1.34725093356043,-103.956503913661,91.9403174607658,34.8105812802286,Up
-4.40255589670539,0.312422017753893,0.0737486220735826,3.76857887528079,1.31625783615039,-1.38943607826434,-1.76644541782358,0.950781511069966,-0.0335584946598199,1.26440715479115,0.973893660213417,1.64270103445336,-16.2235305620808,214.23055248159,28.0051672962639,Up
-4.82583721448302,-0.71429285679561,1.15053676443926,5.92679204333097,0.432631078973789,1.1669179464716,1.67529880917318,2.29970401845987,0.22106787587418,5.57303148315697,2.36637096740748,1.64648125228859,-55.6601962532984,246.59598952361,98.6264982721163,Up
-6.52975746264745,0.173933545755815,0.975922400183427,6.92589616024131,0.396847118422393,1.24514879065063,-2.32859914291304,0.3247835428055,0.155563287727171,1.04142262815023,1.39859153244557,0.692074258376597,69.1733529186426,16.8932953476818,28.8089644426471,Up
-4.86950342487805,3.01212713901584,0.596601564269519,5.16936449546581,2.53400118142403,0.000381442903772566,-6.2735400675276,0.928260333599833,0.425754430282794,-2.27245137205283,0.0231021385121579,2.70635653956775,71.8134532761536,79.0328590888685,-40.4999008656684,Up
-3.86105764252675,3.29556525324902,2.04477831836659,4.18124379870727,3.58169943777016,2.36699347024357,-6.73540811215654,0.99955183057248,0.412555657815484,-2.03165245921245,0.139805410426474,3.03243869130646,-110.797027739623,276.552589876325,-50.4706354148432,Up
-5.0781126772992,2.09343206654957,2.34179411958707,5.67478201870775,3.68546171473693,3.52663498302396,-6.09645768035716,0.819249982103631,0.514224785849358,-1.83630651141173,1.57122035837524,1.47785488135192,-105.99913308633,225.361973216167,34.9505562252319,Up
-3.83855462615445,2.84802876592154,-1.46824649104355,5.85094329199188,1.74673846328645,0.0178759642575146,-5.80371743049944,1.42778517256243,-0.0687279489860443,-2.55741193876788,1.24882651449118,-0.202838065823088,21.6989616817331,83.1686942948917,71.1750156848519,Up
-5.21817647934086,1.87974916186958,-1.81453474051916,6.24189624213057,0.173466282523069,-0.0409714706261558,-6.35309563640999,1.64276132384006,-0.231570800788003,-2.67851930809505,1.5639810257224,-0.551817467904274,8.14602088532343,89.0174025796984,21.3097433300375,Up
1.76889166198022,-4.34668575509553,0.117809394870324,-1.69670339520954,-4.29994003479534,-0.0327002244747389,-5.32820788775037,2.09863916624524,-0.411320267688035,-0.993235088146354,2.60715921055527,-0.888615259009104,-55.9460752968438,109.620826003753,-21.2447838630981,Up
-1.01000240504817,-3.12342183641114,-0.382304737297127,0.206070083080218,-3.38052054912133,-0.812043792637585,-3.20568599781344,2.62014191566775,-0.414295501498106,2.01364467859217,1.98087687625121,0.218000577796463,-43.3822401132793,92.5446634100763,-57.4122282432315,Up
-7.23200794181028,-0.638168717680389,-1.40883645967058,7.57218805535244,1.24469525214987,-1.14107661175933,-4.64212820163946,1.26071491291385,0.49238010361676,-0.3351895874076,1.0891609117706,0.0671579422848453,-16.1035588781502,82.6995105703137,-49.8254079451447,Up
-8.1043394242557,-1.19465205455563,-0.0221741536605752,8.02213959499738,0.00454741276143647,-0.492642154397296,-6.34532061069741,1.35187111943524,0.470944216088633,-2.57274923017006,1.59452996703814,-0.846563648820021,-23.5248177511858,96.1775556967805,-23.1918531363875,Up
-7.70608596535791,-0.790333975259319,0.46880383111313,8.0163860354604,-0.101225069475372,0.423403876854289,-6.52538441404798,0.489363307695246,0.0547325109736623,-2.58984653285674,0.535186665142013,-0.79945060597866,-11.0052614200091,132.241484776008,-20.8562072820832,Up
-6.16205311140303,0.739670977632382,0.695706190709574,7.04242177661475,1.6406999910922,2.59231271797592,-4.74962876025533,-0.978827425997294,-0.272149682482727,-0.987211594212811,-0.494126557284293,0.101968728376131,67.621921611628,60.8318307292213,-9.8667823638246,Up
-4.04705016011229,1.00549363919029,-2.49227051520925,5.44465267991718,0.981323692386866,-0.464234312515414,-3.70706651059855,0.219716082400468,-0.57410060616621,0.167271295015617,-0.843522778670932,-0.877091139299946,34.7563574310663,96.3251320307202,1.40668201968917,Up
-4.43727249035312,1.52486403996751,0.373564298784831,4.56114814055613,1.35382161833331,1.2221516766891,-3.65565591267372,-0.163455901584988,-0.220227192864844,0.432078053022863,0.915381730961944,-0.88466512949353,10.4472209882157,149.830744992183,-7.28823064736688,Up
-6.01469673287884,-0.388862079932081,0.148184489270953,6.39416000538908,-0.35608240886123,0.583634743416756,-4.17307721162287,1.17584321964907,0.133144716650978,-3.15642163630362,1.90474831792638,-0.261938502885413,35.4093731349787,169.853467871384,-0.513650243273228,Up
-5.84501184719969,-2.41650424295655,0.272253638281937,5.37135844603281,-2.71830544627419,-0.431876895937729,-3.69540314947459,2.49887941323096,0.101152507475635,-3.54229700583197,2.27027206920977,-0.602020315507469,31.7474087940358,153.29152673386,12.0327976414751,Up
-6.66449542949287,0.28741082344036,-1.80264132880246,6.5854685832867,0.717047035584754,-2.22701806017336,-4.71626782971149,1.24942998942993,0.252281374030557,-2.72541400843655,-0.352847877025232,-0.740628077043485,6.09802367538115,107.657592303949,-19.2076697298244,Up
-6.57257418244431,1.89337515053868,-2.14469468735246,7.00621448881086,3.10108933527758,-1.72689078551757,-5.17278965189678,-0.361393274112909,0.876709472891767,-1.01034275306808,0.463943745932236,-0.88422278566789,-8.89975710028742,90.3220706444363,-33.530582061895,Up
-7.74881838582035,-0.0772085760055629,0.479733334443498,8.1096040386412,2.31796378710571,1.96109094807911,-2.7770975739859,1.54749045326273,0.48066394631059,-1.52300336958296,1.50387450687107,-0.11888594376015,26.3360363518139,97.1080233494095,12.0112972704614,Up
-6.66158698680096,-1.26908520926879,0.731721897182551,7.33948669881511,0.0556448811602267,0.45573583886955,-4.09016409461665,1.8078277887091,0.327517081307318,-3.18291086178968,1.20662439213904,0.0497001657825935,26.5242141035355,78.533666918712,12.0397165483598,Up
-4.64483803363385,-0.162874127224671,0.623685992406572,5.79013445279193,-0.215551854855175,-0.740446032619271,-6.1169130603598,1.70363602161473,0.624809753061662,-4.76755874772972,1.82005809552574,0.207077847693784,-11.9731649020715,80.3241215076414,22.977165438574,Up
-6.80953906527395,2.90592744797912,-0.399445377292633,6.44533240106731,2.1168578689099,0.111550757877314,-6.3349668433284,-0.326776946133407,0.250480498875745,-3.37662131137968,-0.39197854198446,1.27330820724711,-32.919124973315,130.750288325954,40.1788682053717,Up
-7.81356615786049,0.562344776028034,-0.410620877740749,8.09034070375401,0.622404071026484,1.11185411247216,-6.28322800790157,-0.510798305976871,-0.131599831250991,-2.1357952477385,0.479790327839087,0.934936885147486,12.8325309676073,97.2374922884975,2.45422026100924,Up
-8.17388037164832,-0.988072167019116,1.09493394789071,9.34588116888597,-0.531673639621548,0.958414662446262,-7.00207014362962,1.14483105451616,-0.058223124855017,-2.97397864924464,1.25075326391512,0.354392675374361,38.6942639218765,62.9828193780431,-16.9206368659279,Up
-8.31657659543821,-1.08837888585586,0.36473037771449,9.15927136738576,-0.633757379917462,-0.289374893700303,-6.8658817735415,0.731915256153885,0.275903891995285,-3.33449739193002,1.54366477984907,0.0411001323804742,19.8768918001191,79.4680707892541,-16.1568799413531,Up
-8.1802028776338,-1.13212999699442,0.616700426814291,8.11781053642457,-0.0220325106760127,0.710137072280096,-7.11686311798352,0.184336190892585,0.355371709362057,-3.34181901345432,1.07312273479184,0.165039052302617,31.0783147333424,106.537386700747,-8.86292569917409,Up
-7.59626314051159,1.30945154547628,1.04242859485684,8.23538448869179,1.72854481056243,2.5852762819525,-6.56919180813951,0.777174638531552,0.230300011509833,-3.7085815414334,0.188996358808845,0.157152846640459,9.31243236708719,84.5455859373988,2.28801021169687,Up
-3.40114204809086,2.50925999197543,0.269591899437542,4.95765509019919,2.38557653585136,1.92954818892096,-5.94595726907643,1.46321651467473,0.128977937077811,-3.22650419768939,-1.32020693534364,-1.20412253933852,-26.5120351215768,103.928379111216,62.9245720794563,Up
7.90214631368258,2.23090908344138,-1.93186399188452,-4.93869610108242,1.13824388833469,0.681748179209865,-6.79763129665808,1.02852082706193,0.170711045909517,-3.55838726162645,0.13812151140249,-0.734939313378082,8.22949309621426,84.8297592576369,13.6004572488606,Up
4.3028185354917,2.59059807932669,-0.619198962369918,0.0166075148698358,1.64723990665291,0.370460723129009,-7.13272935595828,0.888486417793218,-0.112451531285166,-3.36462177816405,-0.604615677647378,-0.522920765311967,11.3859363343097,55.1926033872195,-20.1095615437383,Up
-2.1910136521686,2.82534485537926,-1.6062291464542,5.29457780309671,2.84938604376665,-2.47810109115055,-7.07215020489287,1.04635912041141,0.210112014020362,-2.60027409555489,-1.95446771955718,-0.867671932763568,32.1222918763969,73.1051518450843,-2.23258287237708,Up
-8.47809917829742,-0.429482211235473,-0.371588753626975,8.15864945609592,-0.309749871553778,-0.573630128751806,-6.90235525943161,0.164950582272153,0.169662952891714,-3.30159379131635,-0.30249314845153,-0.18716418687644,11.6741145966747,72.1977255466183,11.6687997156626,Up
-8.36308285258656,-0.697110879953416,-1.09118943643015,7.6138436243834,-0.723481259450078,0.301971500361633,-6.24536401912215,0.490031560249041,-0.0502211486328462,-4.02989702108701,0.792354975228196,0.106226593047972,-19.1881615287161,73.1707258603973,26.0132244082939,Up
-8.93460648396322,0.678696299663921,-1.33720786118755,7.93285251613176,1.46780938776761,-0.414179368107878,-6.24531565811791,0.982065526994883,0.116236164264872,-3.93040593792946,0.70761272799467,-0.254349871416703,17.9751467692318,35.9091195974067,16.5350230162226,Up
-9.62073704508615,0.356390027626396,-0.599850788890279,8.68033114914031,0.522759796759958,-0.517679406278922,-5.91803592889572,0.416924133645404,0.313913417472014,-3.44140992370627,0.846385285208568,-1.06387488182236,-15.5813409781254,57.5327095242913,-9.50159464202147,Up
-8.70710885264442,1.70773379246023,-0.0863961530737277,7.78445268258854,2.20464663228281,1.00786993682681,-5.8556216807422,0.370352366264008,0.312719228478382,-3.54430138603619,-1.67036325671808,-1.09532243885917,-64.0185225521358,77.8765330663769,-21.2982669437474,Up
0.393935569624479,1.05235049952946,0.660629017486585,-2.98054921056689,0.508265347310527,3.00297643116164,-6.5064698072767,0.936621886973992,-0.060717310229646,-3.73700803124925,-0.423432825629741,-0.978080118372878,-54.4757836475631,64.5145511497004,9.73883789384049,Up
0.942991686750155,-0.776464848624109,0.540621725906974,-2.98812305661568,-1.43224075344856,1.73930017795211,-6.23763781562197,0.950436928478712,-0.0180612003831222,-3.64677886689012,1.30122961725025,-0.609309420989894,-45.4214064724359,63.2826654901395,-9.01832678339793,Up
-7.96446814341363,-0.642573798221403,-0.191659176563446,7.98733300564626,-0.512831786464129,0.125399056471471,-6.63417936427831,0.633544696147076,0.307914517899756,-2.84342337860093,2.10103904219395,-0.722435168843919,-43.732861952982,78.7708173619884,-31.3797940286515,Up
-6.4685785328951,0.405594438811775,1.95787399874718,4.92773247462103,0.603970377610258,2.46428482452402,-6.77886629415093,1.15616383757748,0.23311742723797,-1.93468761616157,2.40568652927919,0.316488265860394,-29.2858013101085,135.838152962698,-70.4086920006673,Up
-8.11414302199661,-0.929607598347753,1.44369360181332,6.88908544677508,-0.0417700576219639,0.700058926518947,-6.78601543360985,1.28811786729025,0.395492611164367,-2.38125863998321,1.11922637807125,2.03525117149419,-39.6458209303274,127.220905379379,-67.3141469483613,Up
-9.08769857977609,-1.49955132374441,0.431737496080317,9.43714385245214,-0.132370719597564,-0.23268296477551,-5.18051790271015,0.975361741809271,0.508997734294449,-4.04644211799952,1.27540860037986,0.888682249666424,-47.7255001848866,107.425411402946,-54.4557845816765,Up
-7.29577780207851,1.34232512964291,2.45752296579164,7.51716312224532,1.36613956643824,1.41345071654685,-6.25773444790697,0.158850794484812,0.254983144411062,-3.76698555191821,1.62505731806914,0.41892690552547,-38.5942093979201,79.9083493248668,3.01532173174263,Up
-6.8721149108721,2.69967310583822,3.29038566635984,6.44469388684888,2.21401905361273,2.32419275240961,-6.43604245139445,-0.0996428017990917,0.64606759765584,-2.97091356690722,0.935278001081576,1.05463678709967,-56.9120040766579,126.356112294998,2.55693779387259,Up
-8.2593194517701,3.42773832584422,2.54131358531694,7.85902461285605,2.3581553563721,1.98010689539318,-6.43162968793324,0.199187802079535,0.329883292647751,-2.26747243250454,1.30679148598268,0.788309514864194,-58.5786039902161,99.8262937500473,-7.14312452761573,Up
-8.65451254103008,0.823490851641428,1.42008745575768,8.41506616789456,0.608851021136777,0.313872600246652,-6.67644942027683,0.472025752125179,0.19173140237699,-2.29593591676494,0.63490642873825,0.530619115077183,-53.0453516782448,53.3694757406543,-10.5193808625448,Up
-8.28663149957857,-1.36782397911068,1.0605493620086,7.82897780411632,-0.550347617044669,0.594451403581371,-6.50576916976233,1.26578951714544,-0.00858239247397019,-2.31638924383679,1.2739337774386,0.50998054498963,-9.87138582012892,23.3000462638694,-8.99687042634211,Up
-7.80449340475158,-0.607382621329684,0.358371589495439,7.71004122757019,0.382135600739255,1.06906767647246,-5.70823540997956,0.674178247957437,0.0490711736024011,-2.27988954456995,-0.266158496144574,3.95131796711547,-22.0316151065933,65.1187701555831,-0.106475120652011,Up
-7.09420015294988,0.943110208059729,-0.179760854244138,6.43635825481806,0.992254871982844,-0.89127742156248,-5.06274288602352,-1.42533201775624,0.236591151761459,-3.21523898935663,-0.756377676493806,1.93463406789352,34.3823002987118,67.9445164842585,-33.5010856176749,Up
-3.62669045918513,-0.747170528163882,-1.26400908355986,4.25590666432551,0.628341539788461,-1.13791628731426,-5.57382161804166,-1.29397360827697,0.0514222994799468,-2.95176728458082,-1.7328230396937,0.411985549297707,-0.161157968562707,96.3639289526979,-14.2808730617109,Up
-4.98398264143249,-2.01192433751457,-0.893541555493733,6.66096066354191,-0.685967392402331,-0.23741737262067,-6.2773744205127,0.258487586494353,0.197652237594298,-3.17406882957718,-0.232008136022149,-0.841606892854833,-25.8079308199154,127.288532331964,-3.77911475917083,Up
-8.1095038588365,-1.59338186528471,-0.373118815261646,8.68528342956523,-0.73400979213908,0.336269384441967,-7.1707774081433,1.1108857996402,0.163939115465158,-3.94396407542048,1.63646099768697,-1.31829303654662,-96.7854415563344,150.532666383066,-30.622122903467,Up
89.8009186403054,17.0043630173225,2.73913806282797,-122.417078511525,16.3746988021095,-9.23311283179403,132.964481109226,7.24374633267671,0.0248379961865801,96.9374184370924,3.24417274704406,-2.48147221136734,249.954494693323,-111.699941034418,25.8976238969793,Down
-8.38539650119781,0.841324278094071,0.420073770233272,-0.442617976877309,-0.735376829637019,0.348380022727406,1.76334091502863,-2.00546450690572,-1.115035095777,-1.19823416119322,-2.68153975560573,0.725154722586637,369.879436096102,-125.944669172856,19.4350988836294,Down
-7.43810795192148,-1.15354781032894,-0.438531171452935,-1.56051433808694,-4.07218596975473,-1.35021083167821,-1.46178572283199,0.876121372374022,-0.406036450026781,0.379541544510353,-2.49128452097453,-0.858174923554689,369.1764738817,-118.902584033475,22.4113154508483,Down
-4.2902243702233,0.330845872888053,0.276601380961156,-0.952226322633377,-1.58414791965814,-0.891781982237198,-0.773035929036388,-1.85499095698329,0.315373231573782,-1.12807737127286,-2.98756632164911,-0.339564191117673,370.947194010025,-117.33774850585,18.3918298879872,Down
-2.42874594523848,2.5823741471488,0.823895651727463,-1.87566672844611,0.875694490708851,-0.949680031510698,0.584384658244771,-5.79069616465716,1.4022963305499,-2.44952578978747,-1.91749522027899,1.17755209352407,380.211216268744,-124.0777837652,11.119479043165,Down
-5.34540687332633,1.63943587753859,-0.100524451183253,0.233146423060279,0.691549481554944,-1.53101240939683,-2.86631464540091,-0.940537714548047,0.268533219253412,-1.95543762734355,-1.22877281952037,0.985531808661406,379.48073580287,-125.138210796103,13.6895449741916,Down
-5.56267594209146,0.53613096972397,-0.723974180645237,-3.23386385387347,-1.86268401772772,0.0687724998135985,1.01854675682705,1.19786397976108,-1.20816763817945,-1.32338891309946,-0.232197047022337,0.737574140015684,382.311390725094,-129.076255964122,6.24953079402311,Down
-7.03922681543198,3.10581732556432,0.433069725148402,-0.314591779437297,1.02736389097799,1.19113109761499,1.81191230303301,-1.60836489496113,-0.697999493768014,-2.12555153409044,-0.923587970066861,-0.423881049147209,384.429914507996,-134.168854493226,1.42156589879245,Down
-7.33942931696603,2.45940730061562,0.332581711735451,4.04555829477497,0.654683336392842,-0.0750378065344408,0.444677844364184,-3.41496880328769,-0.404079364254027,-2.8583893110317,-0.515427330995556,-0.123153468804289,383.183819459951,-127.916872351343,11.894991076537,Down
-7.69555647752911,0.201328510981534,-0.231839808627024,4.33558248330197,-1.64760226406221,-0.608142672991788,-2.56694004905737,-1.89590431478047,0.460842842313637,-3.73331929830536,-0.856438701945371,-0.929944012474601,378.98282856472,-122.827361539227,19.6214721306056,Down
-7.76989443635082,2.64704581676522,-2.29827175634776,1.30151332579784,2.60210760921148,-3.75631036708654,-0.957140531488355,-0.12836986022661,1.73776577168936,-3.45136025680463,-3.6036666194842,-2.82873444176128,382.016295877931,-129.232391294231,10.5470024802843,Down
-7.56648803370481,2.21787856540288,-1.5130278891206,1.39824525558798,3.40463387318671,-2.10745028223203,3.37213770889486,1.11133286510592,1.60173954838214,-2.0762568627097,-1.50438060832829,-1.69491957777107,383.088473568663,-134.557227107574,6.70229911794757,Down
-7.56648803370481,2.21787856540288,-1.5130278891206,1.39824525558798,3.40463387318671,-2.10745028223203,3.37213770889486,1.11133286510592,1.60173954838214,-2.0762568627097,-1.50438060832829,-1.69491957777107,383.088473568663,-134.557227107574,6.70229911794757,Down
-6.40746021730502,0.83832772709275,-0.661203598429881,4.49064130285546,2.84246426703268,-1.31209599466434,8.01307408955607,-1.79969862178512,-0.344369210869159,0.48808622028131,0.539848320078591,-1.53144362172289,378.857178177766,-128.275070908904,14.5223615844394,Down
-7.71631477821889,1.19392669633646,-0.671344628265598,6.26976768509504,1.0535111465628,-2.3189738844402,15.5340329838776,-0.47070862609108,-0.784119313184476,-0.425274421402598,-1.24690143720346,-1.23416468238042,366.224980382278,-99.6509525495889,42.3904531458583,Down
-8.56992061441253,1.698976282832,1.07390318559853,6.13676272713306,0.267291861423138,-1.51097888186944,5.58300447779292,-6.76117824990075,0.259404710780569,-1.18554114350293,-1.35787929841589,2.46634314362024,374.988548987354,-120.441260811182,16.7886212475054,Down
-7.48262525606807,1.92640517557927,-1.66208452349472,0.531576727089015,-1.25086541428423,-3.56149346829907,-2.8777787799304,-2.69359629240079,-0.485289362131592,-2.13009318901018,-0.818706334643778,0.855995029017289,377.4055972145,-130.679396453691,10.4099457078099,Down
-7.35393569741626,3.45694104005372,-0.956908133260291,2.79543768937203,0.462885997472868,-1.75453676462501,1.00699886754001,0.305055786656007,-0.844649669124867,-2.50195110165422,-2.02804810390908,2.15245867462606,371.935225193037,-115.709598974237,28.4080871805542,Down
-8.55634348334441,0.658624103053611,-0.832457176480769,7.37254268564509,1.30050943465333,-1.2418884216817,0.914080005060183,1.00498285668516,-0.159259094684599,-3.5888580148007,-2.22011815476951,0.0497187913255301,380.065691232292,-125.375753911817,16.26764939288,Down
-6.48401701969186,3.10686025124412,-0.89877257060336,5.45378684175115,3.55742605952763,-1.58602919282967,5.67663098309013,0.476228763618605,-0.965707580957562,-1.86204716266577,-4.57093008122517,2.39771484708251,380.12692449516,-130.260803681502,9.947820141156,Down
-6.84102874387529,3.66278633644395,-0.591306925763479,3.1033204443174,3.60007749221443,-2.1558680882749,37.009202138807,-11.5269583291201,-1.35105309358469,-2.65939317100237,-4.14326264859538,2.60211880468342,377.834960607285,-128.24401953838,15.1060885475488,Down
-7.88667079216063,0.863379754824973,0.0518947891877104,4.08696859233415,-0.11716126992103,-0.760142927238112,54.5038018118805,-28.9969814126707,-0.0535422106303103,-3.18082238599495,-1.6471996278502,0.0718861238558207,378.215780603833,-132.323496006495,11.8032192743728,Down
-4.58807585391501,1.77646412342264,1.46721805477469,2.70170052117983,0.396553397671725,0.756547073846133,14.6299464221141,-7.5121911655276,0.943914585398907,-2.09922314258417,0.0785383497894669,-0.00850418356801545,378.635599014197,-133.051564311078,10.5903025655093,Down
-5.3714901588807,3.09252011678375,0.794064698433404,4.2165633145052,1.00057567122708,-0.767891055539053,7.43880031553691,-12.8605714271298,1.94071692170318,-2.78453312956198,0.0593623096945476,-0.554723405718397,384.27525564711,-135.655666237305,4.49184468724721,Down
-4.97228341830898,-0.0212906732791841,-0.0348542833464696,4.03272923241472,-0.223542877230781,-0.572593291416573,6.83766858182888,-17.979493490838,0.291646473068061,-2.00701335305779,0.633661857450248,-0.310124631498614,386.105020757448,-135.943187405068,1.39454236012763,Down
-5.53972825941092,0.723119593253963,-0.0925568347977855,2.80037997650373,1.09427602043173,1.46706618022112,11.381575446016,-18.1925821708341,-1.07702318639413,-0.725803066069225,-2.76844519665815,-0.0753045939055535,385.29793982672,-134.382585849328,1.7727029044549,Down
-6.15684668837275,0.401791997008579,-1.05293837327677,0.768273144069238,0.493216447390186,1.04360916558011,9.36693550053607,-13.0303160724028,0.10331947481671,-3.10270409665377,-3.65164839007617,-0.782378808281946,383.912889695256,-126.082063860974,9.67648019860361,Down
-6.60291515901483,0.339750746480014,-0.419619932981062,2.4869038165185,-0.532751359923459,0.355386625119312,5.17448561932158,-7.46724525101043,0.223374561630002,-3.41457627188798,-3.18200524051401,0.0833306392399531,385.171397760068,-130.973540108315,5.07592263222054,Down
-7.05413549011077,1.23013341968426,1.24635369135906,-1.68939047074839,-2.79326392411935,0.0801102333656246,1.266882162348,-10.6212021362996,0.781089678973632,-2.71346377254051,-2.2705905159018,-0.97905069281404,384.220918381604,-136.591120389923,2.66279535544527,Down
-7.88479172687908,-0.297826960442136,1.46139416240794,1.06039786631229,-2.25351670413939,-0.169513969940315,1.01299762693417,-6.53171781324417,-0.0668295842444009,-3.50667583777815,0.288690017105711,-0.459097293011311,376.176977489662,-136.788532087471,5.66013138784535,Down
-7.65303357764777,2.30875675301172,0.432304492123173,2.40094410883984,-0.660445516450053,0.268130975444732,4.10774789309741,-2.95201754078534,0.0981309429690438,-2.89386949349108,-0.467717927958772,0.567786861404972,381.608321832268,-136.176358409627,3.53673898678964,Down
-6.60611200429032,3.06638411257454,-1.33301659828874,1.5000386552904,-0.236824513696169,0.138175059686251,9.90749655392378,-0.0579723435270979,0.169299935309077,-3.07290559692913,0.276379176034579,0.138081265005703,383.775882631581,-130.896090059018,6.09430480143834,Down
-7.15815580041932,-0.437193232023877,0.268714758656857,0.991675778664204,-1.00567623051767,0.121970674943987,5.84531036088169,-0.526895024002837,-0.654383488123778,-3.53301498998875,1.06532347418436,0.118731927930491,381.426660927057,-124.177953217423,15.5027433917487,Down
-7.52457592600341,-0.378658983527671,0.315465445657009,2.68246521430139,-0.0382388753529697,0.169045043775564,1.22086000172218,-0.0415589449164211,-0.498286588596541,-3.85441685519243,0.394061786312103,-0.351940469524494,384.796358326972,-132.571681737157,7.43899225588154,Down
-7.78595868162318,0.242174085809674,-0.319793806153701,4.58385236088036,0.549283758600257,-0.22661779368052,1.66774157082887,0.878561973773458,0.793469930700902,-3.77568691738838,-0.0918266408244731,-1.28858043364122,387.450357224987,-139.877218596327,0.772536351250929,Down
-6.94732361138616,-1.40829252024064,-0.0770118809701013,3.78793196501305,-1.60722205375469,-0.21162054978866,9.43569682247676,4.01689734095192,-0.405271490133549,-2.93071649581311,-0.357278173046994,-1.143977671653,386.817765419628,-140.299589418213,0.508656769842152,Down
-5.89704871965464,-0.661912797919941,1.17147578898841,4.71662482547915,-1.54515896076055,0.0932308793695325,4.94265857249048,3.21072456466487,-1.32200989412851,-2.30710556336303,-0.111106121522292,0.345326463175613,386.83577948535,-138.216121664011,2.57480936813581,Down
-7.05621716897243,0.303337951408564,1.41528807266871,5.04690788994223,-0.947477179282998,0.690481660231285,-1.55797362375003,1.13536294049736,-0.545432927175366,-2.69545069640651,0.788340853098109,0.175063820241772,383.972923436024,-127.758579274621,14.8459886941044,Down
-6.60830647243929,2.21143673290826,-1.64913403707154,4.83043611733187,-0.134818889745671,-0.603541723754252,0.733409312449651,1.54914368136294,0.0715919807437577,-1.97871555971883,-0.472028712162607,-0.723308476739546,384.331825505832,-129.402178669286,11.9211555563791,Down
-0.896386589926739,2.37369376428586,-3.47725514384258,2.01612385340573,2.23948043403032,-1.45057002481806,0.683324945848657,0.649082294093902,-0.791649263331628,-1.71621750176519,-1.2853796915299,-1.96766660196159,385.774445642873,-136.510535081761,1.75240838576104,Down
-3.31186932651851,-0.541369143395083,-1.59299782042751,2.98492478403712,2.25218175209801,-0.717983444202815,-1.96430545559994,0.42069214949448,0.912811556363101,-2.1907832786872,-0.132507082660477,-1.40751761666892,385.544354390528,-135.129136960739,3.38071084061598,Down
-6.47109385370619,0.742002806435634,-1.87752901965203,6.39014172382145,2.20894660990895,-3.16194780224344,2.89752632373182,0.91129190505132,0.741373991094125,-3.21534628315457,0.193070670294272,-0.0891006656388364,385.899154976164,-138.653376828856,1.05103193311679,Down
-7.80273217776887,4.28281483045341,-3.76278521932662,0.681049872682524,2.81584160691356,-6.51258258719887,1.98122678220496,-1.66032578441066,-0.412412195261322,-1.96202583525919,-3.00414426014306,2.8384260842702,386.170182440176,-140.616546817464,-0.0167192538790433,Down
-8.20397800026097,2.04806089902893,-1.55736888728949,0.755546471684853,0.0937389113065828,-3.27280031163473,2.91294356679964,0.24280465992537,-0.719939835176699,-0.438606491473093,-2.53064103987696,3.40438237423106,386.465106683512,-141.49628766714,-0.166823767103075,Down
-8.36995090085992,0.721937958804822,-0.715020589120617,3.70931389571708,-0.493399751137071,-0.646073810706552,1.59552209806541,0.414912785006909,-0.446041545533342,-1.766733731628,1.19513637651727,0.0613267316149315,387.609336807121,-141.219518094553,-0.222186266464865,Down
-7.65087235677634,0.713084858922949,-0.954207661397495,2.58447396358129,0.785982354185774,0.0484912528228715,1.82435430735005,0.0461539972690488,-0.0358586182775502,-2.52965266667666,-0.489612586566991,0.543379456445311,387.293041562874,-141.033444522055,-0.505500123490474,Down
-7.54044746781385,-0.023484695524594,-0.620527273073964,3.95506129097419,0.411260954749078,-0.888681431940592,2.86745784699399,-0.485195358743388,0.563751910349379,-2.1796124695326,-1.31758711591074,0.956556470738096,386.102213684662,-139.588389621467,0.429848708471461,Down
-8.52799999410347,-0.595700932429996,0.686043290762789,4.35745276096984,0.0534942127250115,0.720919133170132,3.23326762076171,1.08038833795492,-0.706911446450853,-2.3617825245339,0.799555802603129,-1.02814213837055,386.470717657494,-139.017042217659,-0.0996680709306683,Down
-7.94402878167315,2.04477380705653,1.90162144694753,-3.87054378083824,0.222735991102762,2.51555069024885,13.3832547644788,-0.676558092515194,-2.13315615434163,-2.54503976346591,0.385404496608459,-0.629993419937454,385.948022102975,-138.527653853855,2.12948098209096,Down
-6.32875378199178,0.784146207144035,0.709245762900571,-0.62100142842399,-0.524850355250218,0.25671675605978,8.46335261912,-2.79671074364518,-2.23429219400043,-2.05417372692532,-3.04086437665497,-0.654066316549858,384.366447178353,-138.512689554195,2.78539733638474,Down
-7.05749472563581,-0.441500834961033,-0.816001028727563,5.04661726045518,-0.333830103364801,-1.72806213072341,2.92185897546101,-0.268731190908035,-1.58854310788219,-2.38093052613096,-2.86151708956903,-1.44360180037254,384.422463123915,-140.03853341463,-0.835633162135411,Down
-6.95519351425543,-0.989416508558522,-0.245090626092768,5.95123944809873,-0.0293521315712222,-2.2821206718517,7.03613336068828,3.51685284536653,1.03747009000274,-1.62899714135183,-1.80505718634825,-1.49808758315559,386.150695778757,-139.503581447038,-1.03401342793644,Down
-7.49732301920508,-0.766384209604427,0.516811690577985,3.19068453437673,0.00384203063822885,-1.30880583048307,4.42530249603413,0.982979879394108,1.30670353081369,-1.32170182990356,-1.45773434770796,-0.758022324958685,387.543210224932,-138.764586564235,0.126207171310093,Down
-7.09639818341058,-1.58542504423808,0.182303835858869,0.630758745810444,-1.46412118358077,0.523923843029233,2.66784580293714,0.697448721266986,-0.645184024172038,-1.3470067287814,-1.7619773840374,1.93532328024553,387.246606731914,-140.987620555155,0.067253289224098,Down
-8.07872519494968,-1.75267864221489,-0.0979591869456062,4.61370188585999,-0.647855339662881,-0.540592943363915,4.49506815554025,-2.8343262055095,-1.24055741244306,-3.08362357738752,-1.08772673632769,3.30987312973635,386.906355797162,-140.825576317125,0.847063901536749,Down
-9.0264709407179,-0.0732122721018147,-0.138668704181786,4.92225842940901,0.897361718375989,-2.05374596632455,7.93614388414218,-6.01459145061856,-0.484675226912895,-3.73141006974166,-0.529792736513898,-0.192093679988,385.010533380106,-138.851709112827,3.04339467004804,Down
96.0277608822699,20.4505663486789,-0.579348560164239,-102.15772014898,9.65646378996966,0.219617138198019,94.8079762803042,8.45833682434794,0.0878078385060157,96.6334167527133,5.57424392515528,1.02778472342596,-113.551666246969,119.224756208023,-9.71892861235157,Left
-8.11396255420423,-1.06180712746308,0.285890084363789,6.66421975318226,-0.63731354788406,0.0967334265916766,-6.19690092435497,1.73207524080784,-0.0448023184151237,-2.60842907786369,1.02544626398028,-0.7591414471794,11.9123121608711,16.5358774013887,19.5241446826696,Left
-8.05965774386349,-0.720316122396705,0.803402674309189,7.54672468426827,0.140441525873463,1.31754947192581,-7.39770444660403,0.626528956928886,0.123566156749378,-4.04488384463561,1.43886648675113,-0.119246531649445,-57.8655747461207,118.080576658574,78.5817591026394,Left
-7.60299538274353,-0.866595826488991,0.793471906608989,7.05007807187686,0.2823974170471,1.69826341376696,-5.41418327252066,-1.33581255181618,0.153353273817331,-2.67929028385909,0.857523203327849,1.64634503399578,-7.94801907959317,202.188919225233,108.193801711109,Left
-5.54570821209242,-1.65983884565624,0.445271303320751,5.54012724102405,-1.44987519728588,0.461226675220642,-3.12268845542193,-0.485779162879747,-0.162504044405075,0.313473877056959,0.812084148253916,1.32427670526485,20.194419242063,153.774891818738,53.7587286831664,Left
-6.24022985272176,0.870632614185848,-0.416572692253029,7.24786107789984,0.698944542679745,-0.407917724611122,-3.38672210931315,0.0961026829122973,-0.22939905626838,0.149204102720179,0.00926281873224669,-1.17089615493048,-4.26301849006098,91.7316816115418,4.64251619563542,Left
-8.23141744203036,3.24741936450541,1.41552092342005,8.80059754376648,2.00043697657342,-0.903720731986922,0.0045155809525907,0.860002809667185,-0.284088261671595,-1.70075561028388,-1.33305317696491,-0.655303095775969,-127.65226205418,68.4566594739744,-8.72391319458785,Left
-7.99602953411015,1.36884552813306,2.26168455600829,8.44675788667636,0.522312370223636,1.2850543355802,-1.38268688897053,1.74690335405553,-0.317860100515477,-1.84367702161726,-1.32609595815349,0.568999850645253,-107.583667048882,158.743226530457,35.7098508433273,Left
-6.3688481506062,0.881121851248263,1.47679994679167,7.06644739377,0.507769093712499,1.5738563391459,-4.9060570965051,1.62281591450102,0.110267511995148,-1.75164962449036,-0.851325723139951,0.0821739903208669,-21.0861903440342,196.563200238461,26.3187562611999,Left
-5.81979660103808,0.802060867661932,1.17850219401825,5.16876734686867,0.0656263215865515,0.596411523970123,9.13700197095452,5.26107857018072,-0.962656402673358,4.62417290985083,1.51118582708732,-0.701871343083331,-6690.28679131095,295.7069204731,157.370526793312,Left
-5.89531106390989,0.579322121456006,-0.978025849588289,4.3809653658917,0.0491837235893706,-0.812431662758318,17.8535587744111,5.54206078559905,-1.46660021677288,8.49414964435842,2.6258735668079,-0.10955922294142,-21506.8397810213,-294.587434815984,-32.9943744416956,Left
-6.34536369753533,0.765355569985724,-1.49129121317447,4.89106655739093,0.319672045084404,-0.888808836932414,0.370511233819131,-0.629243574374122,-0.360482402571713,2.96431786391526,0.440206562220004,1.47006911516975,-5558.52585874412,-224.859663679992,-32.8254771925638,Left
-6.84146907056077,1.42273135413702,-0.367797064014193,4.91441972114007,2.29867664588971,0.300894147063017,-1.58072867338319,-2.52759600947083,-0.0526085706746542,3.03598122429938,-1.40376287000401,3.14159964176795,386.66867682968,-142.410298024694,-0.75578847935079,Left
-6.43325046690486,-1.14782437479193,0.136752618063103,3.76972969148427,-0.174335292979964,-0.36257139668829,2.17562322848546,-1.4485472970254,-0.0341341232744961,6.58005328874926,0.474122038797746,6.0613416873797,320.177135200708,-126.49296205775,5.7088479118247,Left
-6.38977383211681,-0.526437346187724,-0.379719301913143,5.68977412080352,0.0222235510810888,-0.558561253543097,6.23198343675036,-4.6629476413807,-0.403575492281556,15.0473260365677,1.38741413618044,4.45533177465234,201.7677809948,-123.092617230761,-6.76905834865291,Left
-7.85371115986485,1.76376129678682,-1.05315909620987,7.81155080764217,1.22039912224227,-1.37498846268084,-0.522919055216813,-2.80494716926287,-0.108857306302389,3.38459543913436,-1.58849154574758,-0.561765395915425,189.918087965787,-140.698843874284,-12.8043366456138,Left
-6.14040425935188,3.92711845459667,-2.9757774431845,6.78170800142357,4.14861839261061,-3.30315988009403,-3.09143631935935,0.256216940834428,0.882924429963616,-0.539001972798277,-5.45711974093602,-1.68049493140685,302.09086728486,-136.081753919047,-5.48082160534817,Left
1.18382291409302,0.0900688611855453,-0.268667278637214,3.6981144051472,1.68348103546612,-0.373603349987319,0.734638934971318,2.65047167188614,-0.164530379797902,4.17185427542835,-0.46211223363926,-0.332190271003629,359.888486160628,-142.423111723673,-5.42054411491209,Left
22.812370029918,-2.72454817605204,2.25785004468393,-13.8118900388277,-1.8135370175712,2.99470878345263,1.3044267312047,-0.776309066019524,-0.464110121849137,3.82602938196167,0.453384445572065,1.46087132430617,374.685021109836,-141.100680920468,-3.7221725741484,Left
12.0900375594763,-0.926775533511972,2.60738506064349,-6.01214416831328,-0.079263020726031,3.1785183560277,-0.429669162596767,-0.311274768780828,-0.0767635250473553,3.62366416724157,1.95160432451168,0.779183116570027,380.290144958444,-138.57431234351,-2.34190207583349,Left
2.6329658942493,-3.34565357063011,1.07913093621371,0.885789889919736,-1.26800366221775,0.904979905291595,-2.47769380853078,1.48533162622186,-0.118787936259007,0.342856137102035,1.72889461692683,-0.326464644849703,376.399010239173,-140.849682949822,-4.14261345441852,Left
-8.06910557799994,-1.30987478705675,0.566708049544971,8.06727389983254,-0.323520310954527,-0.889886253094672,-3.4153419795896,0.994026804195527,-0.316644837292986,-2.30832916415389,0.712755173366719,0.432527324477333,376.606321358962,-137.650301665253,-3.75437515210963,Left
-9.12840518867226,-1.21376443312763,0.756242342498375,9.25039681161042,0.122752444799258,-0.328601477675117,-6.03510837716721,0.917389069256057,-0.000235404038876119,-2.1135176179891,0.720995503052364,1.13261765646913,384.462853510276,-138.891287562607,-3.15399630410404,Left
-8.88718304786026,-1.16874945927798,0.863072345603397,7.55630750237977,0.427932598272585,0.357645622269996,-4.9781789073584,1.06198962088566,-0.0238016867568807,-1.64826090586748,1.61649866197151,0.602734232659447,386.054152441961,-143.031485281712,-2.31420764942276,Left
-6.93147317318073,-1.43892214376571,-0.827406363185221,6.40838530238853,0.672601739208212,-1.8945267303191,-1.65182179369428,1.0336165529899,-0.266666865383079,-2.62436535493818,1.24862603118253,-0.468100770465045,386.886078482512,-142.639370207055,-1.86530726156732,Left
-5.86316992924915,-2.2499239017532,-0.934005589706159,7.50727676554978,-0.358957738891723,-0.682335452779663,-0.800651349670962,1.35966498941128,-0.302214937916003,-2.26596780415325,1.78958230257317,-0.780064442925799,385.998923826264,-142.957999492693,-2.49605573934291,Left
-2.28459152083395,-3.31860391300431,-0.145525294846227,2.05864995175098,-2.7306948710771,0.311595331685215,-4.00262108180779,1.40965889255626,-0.137928620336649,-2.39539452755082,2.07637985374479,0.218651937307572,386.312785383186,-142.773201238982,-2.80039833484958,Left
10.8431582399389,-6.32778496180682,-0.171223557254005,-11.7506179155495,-7.66908586091235,-0.827471568715202,-4.04605146169719,2.19881919021549,-0.275920344294949,-1.76890299592179,3.23790153775475,-0.683025674197491,387.37105375576,-142.733216224734,-2.51228791816549,Left
-2.03015565657559,-3.48122228103079,0.805819303923433,1.91047024942623,-2.33882252438512,-0.151045204308463,-6.3863851444384,1.49209066041208,0.0826244739710208,-3.29182726451075,3.19990348588533,-0.549769248678098,386.615745187296,-142.177027444441,-2.27027871310747,Left
-8.29252963329611,-2.01247976379353,1.30302034790424,7.6673800647041,-0.634134201153382,0.87968169182921,-6.76265357226561,0.525851470693636,0.272374508179487,-4.12915493933305,2.05213344877885,0.229028748044696,387.521933610441,-141.139892538143,-1.6144362757409,Left
-8.85522288953386,-1.5952644076905,1.61340042914096,8.58745414241815,0.217043357833289,1.15630369049748,-6.98063215171349,0.893903979718906,0.147703194634837,-3.39951760998174,1.46631575560478,1.01062245009473,388.949604848893,-142.314276529699,-1.81940945965155,Left
-8.67007569695335,-1.26145138643274,1.09408723501076,8.48937945765463,0.0655334958084636,0.290754015086994,-7.27236491353896,1.16471089031254,0.0864714712146639,-3.53378482445305,2.11404595945102,0.156358740225074,389.607113974995,-142.577443554722,-2.38864361993856,Left
-8.66032821453631,-1.77966440143873,0.388229167282332,7.6073924807851,-1.38268169346204,-0.326871633774048,-7.49509442262199,1.62240790314486,-0.0453640701560164,-3.62087261974251,2.38040032935087,-0.245305680721539,389.722245982511,-142.589303338618,-2.25089178618978,Left
-7.87816178702668,-1.72960604763595,1.21977558791235,7.59165642906063,-1.69654266727465,0.212435553747876,-7.58229300959222,1.6738185290861,-0.0375344744894752,-3.71325912778468,1.73265537083869,-0.420289660912638,389.046030257603,-142.6132293535,-1.69801742545662,Left
-7.17037835028921,-0.442400641928479,2.36957922827458,8.26041364304929,0.12797639540423,1.55279474882477,-7.13912224830825,1.72500297675595,-0.0308568331985468,-3.95631537025157,1.49250279349835,-0.0536529660617986,388.327490896965,-142.421680452415,-1.78939164518589,Left
-6.94796212581578,-1.49602058254352,1.41241472592026,7.38784889319292,0.0199103586508371,0.406863443578423,-7.23305588624364,1.61110082462575,-0.033446351172965,-3.70941855217567,1.82948494744534,-0.292848399013595,388.528188723059,-142.454981927628,-2.14567458052648,Left
-6.90295439860954,-2.54632974390592,0.70964592860012,6.03271937530522,-0.619149648693973,-0.622145343707411,-6.71270195969917,1.82751432972625,-0.0465373566096746,-3.6599206694643,1.76430935497722,-0.714239808699905,387.723697322384,-143.00445558009,-2.16968879846684,Left
-7.31601654676073,-1.00448139811788,1.06121839402857,6.30049602905237,0.390785988045136,0.98626699889364,-7.30499910156493,1.05588071848801,0.00385308835323184,-1.40185371931783,1.46893876042241,-0.378480140808832,387.462570730139,-140.735393704315,-1.81139086471649,Left
-7.81891520595517,-0.193561400209846,1.34948805607077,8.28292562090419,1.68896882922823,1.05242027003824,-7.42613029617438,0.651088706597046,0.111491794968131,-0.138936069525128,1.75111552266115,-0.630301686638806,388.238340388121,-138.891395504634,-1.06716837435354,Left
-6.31235175539957,-1.76376171886393,1.34764256646434,8.27824727733195,0.639276665947088,1.15959624790606,-6.71892313711536,1.29975106832029,0.379901926562188,-1.2658344797983,1.95400085972015,-0.588498589539345,389.31884819747,-141.735279954388,-1.63692508050572,Left
-5.91492414551721,-1.18111704122892,2.05583996879205,6.4977375729565,1.43626903478887,2.9293511182448,-6.78589986378809,0.978835161086406,0.391969110704243,-2.91559260471052,0.108757749424439,1.41277674442732,388.79731981957,-141.615218935421,-1.12624461765145,Left
-0.639554511846159,-2.19441857675716,2.2746804010915,-0.977791245314584,-0.896932915072521,3.03165468718332,-7.23077902834135,1.06892180401809,0.244757224950893,-3.37763412428384,0.0692340491173491,0.846036904874111,387.706884906492,-141.351986784902,-1.55610846879194,Left
-0.858504371102958,-2.68657315885494,1.11805433438025,-0.499531814224063,-2.30697959264716,1.61048854936341,-6.63832556011861,1.28166394884411,0.0997840555626683,-2.91357082460945,2.1557662883963,-0.731709656569213,387.350904303793,-142.646510566907,-1.74095686101992,Left
-6.08397576066902,-0.180411686439615,0.979727229663743,6.65241269830696,-0.46046117294731,0.875112131862291,-6.61903467656539,0.960221224498344,0.214233223005585,-2.44389151664506,2.13671331241928,-0.755130657780225,386.512335708195,-142.28684695176,-2.1701578554842,Left
-6.4501200744927,-0.225801682944645,0.849662926306201,5.62065369556974,-0.164364058204294,1.2006765414068,-6.84940842230128,0.564790262663344,0.265630789008582,-2.57285184711361,1.51807046186002,-0.219985235669477,382.983871472353,-142.135989362171,-1.87102498816546,Left
-7.56095174999631,-1.05613954214805,0.613020036863675,6.31787479075762,-0.693198741511835,1.22561087797921,-6.70082721765757,1.06115993196329,0.349637363897994,-2.93063397076126,2.36634951670294,-0.466056172739049,384.47388405138,-141.321842077454,-0.999720990502009,Left
-8.47975723479749,-1.72155509068326,0.366879516819515,8.33208045704872,-1.57521528950087,0.0427897960511605,-7.09504100990186,1.60802671838263,0.209041125880128,-3.52057418436874,2.97626018923036,-0.783785434728431,388.404693108714,-141.813164725086,-1.75683515547784,Left
-8.64460179401241,-0.804522704091308,0.625011373700501,8.51559673023277,-0.99704870157334,0.0138533056659576,-6.77111339483702,1.30182713601152,0.0777879378560946,-4.38744446333109,2.26605382607157,0.0145696379316026,389.285190146984,-141.981688211205,-1.80430324611496,Left
-8.0781761065709,-0.768166372391059,0.326441827819864,8.012979666858,-0.698868930404185,-0.334167113029631,-5.6019200135015,1.15172720314103,-0.259018233935099,-3.61232890427967,1.7916912859477,1.16947647199502,388.958337285634,-141.305131767433,-0.684415539481633,Left
-8.49236422631552,-1.42219518481493,0.600105329260677,8.01800662812435,-0.91404048418453,0.8383641638527,-6.70683835202703,0.934219239507433,-0.0928016431827421,-4.51059733309406,1.56465920896939,1.11474932261207,388.834265952151,-140.168445880024,-0.423446916815578,Left
-7.88701829106257,-1.89068672663064,1.18299443574008,7.69687671268277,-0.999474572844554,0.967838510575975,-6.92453905503857,1.05324863530217,0.0616851909215407,-4.46589849655834,1.99108014899406,0.378977513399353,388.453568601168,-140.022505005041,-0.810226264597556,Left
-6.68815732857071,-2.25685000131194,0.389531580667323,5.87464542733326,-1.1254597359666,0.241070722300974,-6.86085379226367,0.916883651687503,-0.136560979782935,-2.13832069594091,2.95609952698708,-0.733292289079993,387.747117036094,-139.767117242675,-0.274308040362413,Left
-7.13392350382747,-2.0718385965887,0.248964988345821,6.40741890313565,-0.803808159459248,0.152740638306751,-6.88100512102399,0.370965865013857,-0.144790786357039,-2.49936275860423,2.69610173094776,-1.09521918369143,388.676868580365,-140.979886664457,-0.4130236267111,Left
-7.79568784565908,-1.82827249205633,1.0064364764267,8.12200490736624,-0.747866518052635,0.359720098695407,-5.43374582081755,0.586488348685541,0.115007709633894,-3.38014560512678,1.9371782441051,-0.599221840276601,388.70251956429,-141.203271029931,-1.01062446726914,Left
-7.06948675735898,-1.47459191980741,2.11899480360157,8.67992199737733,-0.86492574664393,0.933314333120488,-4.61218101537777,1.22474028593985,-0.0120358017994645,-1.51046163341821,2.81357457061895,0.653076818858425,386.942002380484,-140.777160063494,0.27681264452923,Left
