94.695958190128,-17.5280892377913,-4.30542631609335,97.8624471787554,-26.6892038372821,-8.67305068218339,-166.393980887363,-62.0803164338436,-21.1879386253055,92.1102796331434,-13.8614473586554,8.83672609793336,-30.3551548609087,-102.974761566428,3.0402474734718,Up
-13.5946040708838,-3.13414570226463,4.13206012334591,-12.650299602503,-1.03982972133898,-1.32249954028031,4.29280030785089,-1.07622180622004,-0.0648060127391903,-14.8338663644137,-3.44361283052761,-3.02688815601522,6.2858821364761,-3.4024886095785,3.01304075340898,Up
-14.109123099904,-2.68782958361364,3.03161340280522,-12.4771497594602,-1.40690034309257,-1.85000295474286,3.82482267553574,-2.5338321127317,-0.223369031424978,-15.0551574998025,-3.09676069582577,-2.50690645751169,4.07971323119741,-1.08522996633871,-1.33632290345411,Up
-12.866797098248,-4.36806726136494,3.46921686751198,-12.4424130709399,-1.7124939845696,-1.99026546626355,6.9396445058069,0.116470970792014,-0.725325057997452,-12.7223324931663,-4.56333698696081,-2.07347671490893,2.75474638661765,1.38039815201367,-4.70148931492607,Up
-10.476409181902,-3.47378063581007,1.14340252752622,-11.7125729367241,-1.92275060099445,-0.858230189032339,6.15699788729911,0.925802966781494,-0.734897213915216,-10.05874195653,-2.51207388326616,-0.553307771542487,-1.11237938229603,0.454770255885534,-10.2966899765351,Up
-13.3302798220935,-0.741072164349581,-1.0093221183714,-12.6046017944491,-1.07476086743786,0.379560693811958,7.21125172710353,-0.516403701291314,-0.778583577003848,-13.6443100011329,0.638063086713244,0.614381931408252,-0.176158759532448,1.18257370902794,-9.06004015083195,Up
-14.1153507080914,-2.11859766739388,0.0018114692469311,-12.9040906486704,-0.47175646086061,0.933581243086725,7.71667166962115,0.105186800877379,-1.28216640447283,-14.8342984463468,-1.84460739318149,-0.114459466672433,1.27383169409417,2.21189596505912,-6.74854924123381,Up
-13.6138510284357,-2.63171607148588,0.879657970812247,-12.7230609068052,-1.10627767119607,0.0470357604846084,7.75322473822681,0.215133332221738,-1.71575564269055,-13.6092365089408,-2.78838011289703,-1.07944163389507,1.0094245775879,2.26036591543686,-6.71153867566577,Up
-12.605708007796,-3.40882210380857,0.928609705634977,-12.3500336642641,-1.08569631835162,-0.332964418864317,5.1885875790601,2.24392718619604,-2.00740482510294,-12.3585704842658,-3.36915742131453,-0.339370285514607,1.90901766341196,1.11448622685805,-6.34477319177444,Up
-14.2761214664337,-2.3693486501366,1.63614285224867,-12.606522237226,-0.86038542342489,-1.09752516540178,3.94135651462023,2.28975566501367,-1.28010211321771,-14.7700334500038,-1.82784186166297,-1.23056556130957,0.714699046388678,0.252845260842466,-6.35295683799646,Up
-14.3448995650477,0.178543830683032,-0.66175888246857,-11.8399045121808,-1.48015811962855,-0.0779375554591889,7.10053306105765,0.702430577404269,0.416690092836157,-14.2693475873029,1.09133790371403,-0.384018659585909,-0.292751265847745,1.68212913397295,-8.10185531548207,Up
-14.3448995650477,0.178543830683032,-0.66175888246857,-11.8399045121808,-1.48015811962855,-0.0779375554591889,7.10053306105765,0.702430577404269,0.416690092836157,-14.2693475873029,1.09133790371403,-0.384018659585909,-0.292751265847745,1.68212913397295,-8.10185531548207,Up
-14.6281937659587,-0.723043177338033,0.327496277339105,-12.2506852462185,-1.76194859189271,0.0483335305525575,8.24137635296227,-0.168587651707003,-0.828036310964834,-14.608065127905,-0.768902521697422,-1.46814841531812,2.68030572709507,1.99488195214125,-5.75407126510425,Up
-13.7667757061789,-3.40914768784198,2.97755108090977,-12.6671917270174,-1.72885822965875,-1.73506554805989,5.43078615974311,-0.618810692401216,-2.54442143448002,-13.6908126806708,-3.94869483449002,-2.65583590624653,0.815601545778358,1.90098073267731,-5.67540274097131,Up
-14.376147085917,-3.45177098048228,2.68497929557249,-12.7863741059148,-2.02701014801821,-1.87761606397393,5.73243873729696,-0.703626094126061,-1.66906292615302,-14.3321089720936,-3.94398043802048,-2.04487855247487,1.40862011942088,1.82878986212548,-3.50700277458762,Up
-14.7019688461414,-3.2042485859058,3.39097092486062,-13.1472355641516,-2.40657625471973,-2.30542295933389,7.73005607170341,-0.979684546798518,-1.05755903007482,-15.0210205453113,-3.63041376523425,-2.49195133033333,2.6299997382249,1.84547566687018,-3.95519515162431,Up
-13.4678355477561,-2.77778780538366,2.83778912287944,-12.1737908115709,-1.93474411040108,-1.83106672806773,9.97680626993274,-1.06163506156092,-1.18894192078127,-14.2927907439373,-3.10813035572561,-2.22415536834439,2.73702956842481,1.86140929569253,-5.84931834789324,Up
-13.9775930463721,-2.19926665194401,2.43748531261485,-12.7044213647094,-0.276506095165443,-0.478589764301803,10.6772012117521,-0.461071686897274,0.0225409300642423,-14.7234850808348,-2.21348299472448,-1.91837000478086,3.00888252751928,1.58335281526917,-5.58107365420371,Up
-13.6639430025056,-2.50493415905577,2.08701374787414,-12.1929193356383,-1.44892056656352,-0.412343458949539,8.01521426192334,-0.846235934197822,1.25881515614162,-14.5228356702779,-2.53654129123354,-1.74638523626903,2.89187356865458,2.2263778817373,-4.14551358447522,Up
-14.1436681822673,-2.52800207968138,1.65784092659773,-13.2429046170217,-1.46847076742886,-0.218354301082378,8.43971558537649,0.154290235703507,0.824210171269992,-14.9720596569593,-2.70233925315477,-0.997392176518172,3.58298906048931,1.78956471270038,-5.43625912857656,Up
-14.0097064618,-3.52565094801423,2.35573077610186,-13.8308492135873,-0.924227836628073,-1.01025711659783,7.86546487196049,-0.368180338382873,-1.3545618743234,-15.1442742950068,-3.52120597778858,-1.74822963291442,2.85505664198281,1.85735742820783,-8.38226951948048,Up
-14.287749990612,-3.60080537721421,2.99858608258222,-13.2244994446466,-1.10306746217184,-1.66074357270406,6.81032448488451,-3.47977602416888,-1.10153349774722,-14.672362743129,-4.3784300363691,-2.50742989840216,1.37104434791053,2.0726916378777,-8.94552586950794,Up
-13.7713013038965,-4.01724188501398,3.41981365280302,-13.1671638496216,-1.83087071369565,-1.93106158760675,9.34174723474374,-2.1601600355825,0.353446287496861,-14.5206124636271,-4.1946853987194,-2.47385814487265,-0.45312130217681,1.96643160407283,-9.00195447438533,Up
-12.1261882039431,-2.64861882393791,2.45367033951948,-10.9423055266933,-2.13943101585192,-2.98023819996412,9.8844667976467,-1.53732274296103,0.0996397531695661,-12.4244661374667,-3.39920040038206,-1.89901253795489,-2.00682654525713,0.977491193506585,-9.21004008759672,Up
-9.51409281542464,-2.60347477575138,1.82333736247828,-9.82257529930239,-2.7506109252682,-2.80291359293913,8.01915216375946,-1.70743247621393,-1.35691227653488,-8.59620716160609,-4.77444558042244,-1.40524807909373,0.612026040234081,0.337102648458757,-4.7121014643482,Up
-11.5618939450148,-2.38206670892138,1.65278024684326,-11.3547609312043,-2.0161296233653,-1.64781706797756,8.2267891982678,-1.83772929468261,-2.28749545389948,-11.4905229396345,-3.67374739582236,-2.29914847078921,0.452886769962616,1.85550258095946,-7.3623401716035,Up
-10.0949288593194,-2.79125656753487,1.6469444521968,-11.0136758322561,-1.56414824529429,-1.16272995256232,6.90444962642825,-3.94199884247525,-0.558718227772845,-9.72861955594821,-3.92298038598643,-1.51759074277229,0.456303384772126,1.36642395096117,-6.94502235314795,Up
-12.505135891712,-0.501938264595263,-0.301960794507913,-11.8891624508094,-0.716589910158614,0.135646979653866,6.14482254603859,-2.03183657161224,0.467976030289753,-13.0473180955008,-0.613091602300626,0.743481564548314,0.454634136105134,2.70361771882491,-6.89752040413646,Up
-13.9169097469029,-1.5170916294373,2.62645548194962,-12.7826625675007,-1.36331792745297,-1.51803573621131,7.06040760197192,-0.315886941459482,-1.04802091351979,-13.801389384001,-2.53161110917341,-2.28038677309808,2.58587762091113,2.22687579593041,-5.70683930770307,Up
-14.2966492673588,-1.59263243155937,2.23435673912409,-13.1739339345974,-1.61357703556078,-1.16958872303047,7.65300606273573,0.381866294414039,-1.27114234776377,-13.336741089741,-2.83963238187188,-1.99463277511588,3.4768473018875,1.80194224302379,-6.43781892319339,Up
-15.091130322009,-1.7459148749013,1.22935806142674,-12.8913052629288,-1.56717810759831,-0.928174788891037,7.55686624244468,-0.432835067535114,-0.789282511050077,-15.2351700074037,-2.05926185954298,-0.81967738275493,2.74179078753566,1.68743322525625,-7.62350559696258,Up
-14.6395486761011,-1.9542001645839,0.9244778873217,-12.1037287866567,-1.43187234791152,-1.34967406219865,7.1059492108051,-0.689808386442599,-0.772419526342534,-14.4392289637299,-2.01207529708178,-0.783607883466104,0.142450176833825,2.06376134518446,-9.49377963228538,Up
-14.9299601912661,-2.18272994850976,1.90089842081858,-12.0635726990205,-1.21984855806788,-1.4662860014247,7.26233892139232,-0.759133925202194,0.345465685172729,-15.1417403576302,-2.66724314468284,-1.64301436251764,0.1157349893869,2.84966214175604,-8.90448421670884,Up
-12.7558775429854,-3.12979370781203,2.20201064659448,-11.267979151674,-1.30603047655696,-1.41583936381045,8.38734662205975,0.710867689229917,-0.538231775249165,-13.4653875169476,-3.47133497936348,-1.1357746040133,0.341233905478154,1.86100189240415,-9.00099276060164,Up
-10.8164877122115,-4.15498816082179,3.83563669968532,-11.4944766208254,-0.83602063991927,-2.31474216892367,9.35756303467403,-0.881296647461311,-0.389801711185083,-11.7598654538653,-4.26004438152197,-2.28672431095767,0.740981146475135,0.998243184014851,-8.31600572649618,Up
-12.7033061196105,-1.97669964462324,3.78374700944258,-12.8786780266527,0.631193677730855,-1.65930897484319,9.63057382000121,-1.21874635430637,-0.540312721064535,-13.6731433111549,-2.26185779286418,-2.65565820136058,-2.51803472905466,1.99709845223218,-14.7281633440375,Up
-12.2222632264868,-3.23264017544109,2.92196234580824,-13.5333847163181,-0.991988885781365,-0.962715653222919,5.13807156123462,-0.515662702346308,-2.74458427295183,-12.0587425719182,-3.87907699478835,-1.88281041882383,2.9811410045531,-0.134111146749861,-11.4772059119711,Up
-13.1738203043624,-2.82336173053028,2.18363806451312,-13.2632119742717,-1.13942017801278,-0.908428337684733,5.61422700329931,-0.120794219021302,-3.71177907084341,-12.8017148326838,-3.00447778827769,-1.38633426167403,-1.41915037377098,1.16656106116065,-17.0206570486383,Up
-13.2700693325953,-1.03796418821154,1.7540002771507,-11.5048316253485,-1.05247113781767,-1.07078442461014,9.16097253149513,-1.55230589149811,-2.81666329906619,-14.1279430787731,-0.838572331306833,-1.68853872253687,5.33521135473906,1.01404014006385,-5.66897058190964,Up
-13.6736593738411,-0.533980054571587,2.03242436892217,-11.5585382658761,-0.258845451813803,-0.554182354332305,8.4206638985836,-2.13061053627724,-1.49787987582668,-14.4498857644951,-0.698449099602811,-2.15091748739241,3.77373522902011,0.805612679597328,-3.00060946599816,Up
-14.8098203098664,-0.924923792264169,0.435677085351152,-12.8995375371355,-0.862299073849389,-0.200355502439223,8.6180454106076,-1.65930500033362,-1.43012564043137,-15.1535830675275,-0.621572284658285,-0.551734630741202,-11.3282521648013,3.88853923553761,-12.6694106094918,Up
-14.7717737053617,-2.32314266804066,1.02103438189604,-13.7944729259616,-1.42045618269393,-0.476679582378155,8.64265371648635,-0.80672669921098,-1.73321896109995,-14.7480307468195,-2.3050181952515,-0.950534858071974,-2.94788611279752,1.76398331423239,-9.62355407204715,Up
-14.3344148718074,-2.14334497760085,0.747249329506266,-13.6087081260928,-0.892769332722776,-0.412655881793505,7.88924215169492,-0.824489893775451,-0.65293107439329,-14.7934461671215,-2.32720828502011,-0.791368626429554,7.27942873894474,-0.316956813400429,0.821452313224376,Up
-15.3313654042512,-1.53694986975414,1.44698365622368,-13.0962475594529,-0.323127444414274,-0.428471293998777,9.42715823937981,-0.839478013338236,-0.419762830832329,-15.8899576391783,-1.80073014197084,-1.54586311562757,-1.90257164605028,2.80097904826035,-10.7034969352847,Up
-14.6431644193262,-2.45227691434778,2.59198468885408,-12.6482180838709,0.301713564469438,0.118747478066583,8.92702904577514,-0.524953394161771,-1.10502110650762,-15.3493753433251,-2.30826306436329,-1.8344632454514,-6.06943710162642,4.64304706255655,-16.0982381508109,Up
-13.8294958289183,-2.15692390681347,1.9573311887165,-12.4306765120188,-0.542687330648085,-0.487767247375637,8.54924418537068,0.0978833008866706,-1.48778285214605,-13.7514640777411,-2.32838730396167,-1.93459619922304,1.21705786016091,3.11143878039562,-2.98509325794975,Up
-12.2906690455939,-2.3896321289473,0.0961383757274774,-11.9338137960181,-1.2698902672083,-0.0246221344951495,8.95619237142501,-0.912888400886361,-0.486561654058413,-12.6958295841734,-2.03087156011073,-0.553161968474264,6.23697969652924,1.71294500601715,3.53056064218328,Up
-12.8469699069792,-3.16894532673121,0.553316015593553,-12.6385285800494,-0.971511405436892,-0.0221595612064684,6.80475005604013,-0.433067568467447,-0.241040925463039,-14.292859045241,-2.17630798353232,0.267958224441301,1.22913402249132,2.27538696104911,-4.65766055602078,Up
-14.5248850771569,-3.03927801073978,2.13158795270211,-13.8691858091843,-0.931691317471252,-1.05332749485841,6.37322874049556,0.681916329157076,0.488851926683675,-15.5299853576074,-2.97621108319459,-1.45228135680412,0.773363754328069,1.39701069893422,-8.68875078272307,Up
-15.7869775824364,-2.29646396002654,2.46179074752735,-13.9676415037284,-1.21239645879422,-1.3016538096624,7.57690803910583,0.465649060810748,0.371559453216638,-15.9189670556422,-2.83292313044955,-2.23340799868055,-0.793429375977723,1.23314034970617,-11.0530487901768,Up
-15.0396542764178,-2.13287738443861,1.37808524125141,-13.8040883358782,-1.39397021449108,-0.358189678628241,10.3133990102909,-0.537844679336217,-1.56490204488213,-14.9526215225877,-2.57679999280092,-1.51243019196399,3.88479132692137,0.759199057187958,-5.58877733954138,Up
-14.0767798423615,-0.885586793690237,-0.913444945944852,-13.1842714029563,-1.32632802508912,0.00682040993151278,9.9062477240913,-0.863464009616359,-1.3759068703122,-14.2247321577496,-0.931541149840342,-0.143949169948937,-5.04435479394606,3.3414393971488,-5.85828042182348,Up
-13.0362163213424,-0.033727738149351,-1.63908263491991,-12.7570568242493,-1.55867215484084,-0.491921039966075,8.76117978616668,-0.782269093987448,-0.992873524370385,-13.7706517544866,0.559299776766518,0.0723912785984497,-10.411235520077,4.97136173029405,-15.6734977260542,Up
-12.0504739429885,-1.27679275291265,0.753453349028785,-12.3312023396739,-1.04367901517601,-0.170036982533825,7.74459537040397,-0.818738599399605,-1.8917004726777,-12.8785654551463,-0.347769774211498,-1.11097838221554,-4.14040040661765,3.03826088326927,-15.62224816125,Up
-12.4097120346159,-4.80360778997776,4.29494393030829,-12.8903868447626,-1.48194977866066,-1.37928194338027,5.39353238104801,-3.08501182124057,-1.65841444456766,-12.2303667260286,-5.0601025795845,-2.97538773476524,-4.62865338348598,2.3140396688886,-13.5121990643095,Up
-11.9767187440435,-4.87588793068902,3.70632577466351,-11.0400130266638,-2.32575747969839,-2.28842379204269,6.57418094395218,-2.29222770735273,-0.591718083328737,-9.8846466676746,-6.35524388585254,-2.91965201812637,1.33998941052757,0.14190918214705,-2.31464785859014,Up
88.7029484014702,-2.50709540036536,-11.6903741781552,91.0851878818914,-23.26433107482,-2.53620164349283,-146.423140707126,-66.3656067163066,-22.4423614817073,82.2857771144077,-9.15196966012914,16.04338116402,-55.2566470131735,-104.248120326757,-14.1182314194446,Down
-11.2419065343082,-0.54208833432034,-1.09108935241489,-10.6382927748851,0.0927033677713995,-1.04049956342503,7.07943511083576,1.60629269020007,2.11912249049702,-11.5350916136925,0.212033694151828,1.80702711700941,3.3476938890494,3.5579868374174,-4.26283993179788,Down
-6.09425486128998,0.890191319611941,-2.95272516425072,-8.82768867648002,-0.387469959734786,0.104459986965172,7.71684907135163,2.02052340782625,-0.309819459310815,-6.9659178261472,2.47735370266142,2.91900737269939,7.95537238461828,2.33779960645357,-2.9703683204568,Down
-5.6534139123049,1.6788514655909,-2.7834571116271,-8.62200025775469,0.774540651648647,1.49559067808606,6.41348048729281,2.15817137798697,0.947705311976376,-6.82555971471433,2.87922409230768,2.07778068358122,10.1412426741952,2.20551788351724,3.30027281942883,Down
-9.57783605909115,0.982419467280273,-1.56465108871217,-10.6724007960405,0.795677160452017,-0.320503876180325,7.33690817570241,1.97361632705888,-0.0267195189894918,-10.7285676130571,1.36403598175811,1.75068534698456,10.353622278144,1.46627973433023,4.45354111880826,Down
-10.3914001186878,0.449912343681956,-0.464572727744359,-10.1509185953398,1.45077428252062,-0.287519709485967,9.70514134547143,1.05683698320636,-0.3535674079949,-11.0179821668755,0.859076474770522,1.65794919498981,8.85807258388771,2.3834586222171,4.47269718040768,Down
-11.3683231721744,1.56507723783704,-3.24314744236691,-9.95357931993531,1.54645350277435,3.08560315378273,9.64879634670644,-0.217439859124285,1.32254028923126,-12.1389720163966,1.19286764316,2.43842762664291,8.72128433279173,2.95062522326474,3.18641123678041,Down
-10.5686666518042,-0.884173049005959,-1.34502697810629,-8.90914654956638,0.566334136230941,2.55547591919017,9.19755482397085,-0.868723704065172,2.22687037330315,-11.5370031199914,-0.81364855596639,0.781650593166737,9.96799118622554,1.9481386973124,1.23230932962346,Down
-10.2867307104657,-1.99881142356632,2.74968162635156,-9.98841317789971,-0.704917893136076,-0.267616276520422,9.39172761950681,0.350453101954477,2.67707166564089,-11.5344622732135,-2.37190301067267,-2.31103661020321,9.46292710840219,1.79951573439395,3.0337725235749,Down
-11.2782584884223,0.110012643753584,2.7049584187771,-11.4616325189163,0.556800211218303,-0.871371421977897,9.03603475448155,0.799328010124813,2.97278512597327,-12.1817847638821,-1.25797155996782,-2.04953505817956,8.57544308620636,2.42268527540017,2.19655228021218,Down
-10.4137161223216,1.22887400989912,1.85094627770085,-11.5188852503519,1.86408987424798,-0.54288767416926,7.10997400743835,1.53402861063568,4.29816357047422,-10.4350317729442,-0.0329659833114724,-0.679023595722851,7.78144563146244,2.40928025222985,0.831823389295081,Down
-9.46402427900898,-0.742268673771933,-0.823179704334323,-10.8686918602595,0.178916008630529,-0.572932447271213,6.59010627647692,1.84035336061054,3.1852677365767,-9.70049255987819,-0.678188810604238,1.55371479111778,9.98527030281653,1.98332779305231,5.19742295144456,Down
-1.98075511623136,-4.47836412337132,2.73680528226103,-5.25083594549252,-2.94345630707552,-3.5747452221278,7.84763877299688,1.6951071757091,0.284203152559455,-0.471565963165349,-5.23602658468167,-1.30167165975525,11.880936683754,2.03482325714439,9.2807031108836,Down
-9.76266741558412,-1.38178205916083,2.44014728308769,-9.38341106240409,-0.391013787018872,-1.76884105274076,6.63687470222983,1.39587808968237,-0.203188590386612,-8.74104415011157,-2.18157463312625,-1.3358622156257,11.0212581103748,2.2368163909084,8.79782383959837,Down
-7.75684816263494,-1.72545812360216,0.879261257273773,-6.98101467459159,-1.24893206830755,-1.14445586305522,7.48459163059456,1.61210594243432,1.14158400854987,-7.85157069096032,-2.61616459298706,-0.712388353827975,11.2715525044375,1.57380886404255,8.15896401854907,Down
-5.03617454417175,-0.586486473400358,0.149648211179597,-5.06416315107138,-0.820020976499565,-1.94781044801981,8.12523757481535,1.91784266404168,0.643395485441037,-5.58721922033153,-1.52641865952731,-0.669568495209457,10.9857037654903,1.49685033052187,3.42204819032926,Down
-9.89649429280972,2.07956429392664,-1.63829475146451,-9.61392049582987,1.21494180052038,-0.691329372720446,7.32991080701536,2.3422244688051,3.27993886804153,-10.1520813303623,1.81831856506271,0.759462061421329,12.148955805451,2.22185585337038,5.43031312425175,Down
-10.6337632682672,1.07914337755677,0.728913564052697,-10.0949456346133,0.368296558416455,-0.596766609108487,8.91851834227536,0.530538333322554,1.27745247697512,-10.165272556505,0.687310040460799,-1.31447246663522,9.58090551290203,2.62053713081331,3.74594647400924,Down
-7.71802820011395,0.659386321360212,1.97306326252029,-9.47636448129423,0.420166981261429,0.373435334305638,9.89055931634241,0.493699921134389,-0.405351395221869,-5.92922057815761,-0.697855515514776,-1.47473864389932,6.9079769735184,2.81967929327327,0.145216635598252,Down
-8.82910660552849,-1.11848961478553,2.68467075057065,-8.75836828508121,-0.332494245471126,-0.476353878974082,8.29930525563928,1.97881334966706,-0.875229250289815,-6.82541571586761,-2.86437509077493,-0.728968375979939,7.03709676423636,2.35294873734129,0.952380846272846,Down
-11.9419501618799,1.29321882753423,0.812632525841011,-9.54025431197639,0.117699401380067,0.362061075842004,9.60675527616617,1.22887208117735,-0.236022748862934,-11.3952463583175,-0.118767758570172,-0.109886586429388,7.12000028840904,1.79264657743664,0.124151351344551,Down
-13.8233732487721,1.00814728002441,2.97788144349497,-12.4445964501764,0.304783904493995,-1.38655139413795,10.0173246340333,0.548279297342174,1.87496872637999,-13.9203064067384,-0.425139719484715,-2.92143240403196,8.20154788985506,2.269794733814,0.718104295857391,Down
-11.7531161658417,0.841427295125288,2.00487867017865,-11.922137723135,1.291952834636,-0.631010421925807,8.39477535634207,1.316696250858,1.52750229020918,-12.589808825112,-0.730464793635294,-2.75736691073006,10.7231199268149,2.12248630200178,4.05458030308551,Down
-11.0845246315486,-0.537612117801898,1.88436718462356,-11.7032959327694,-0.343016326304985,-0.568841705647789,7.49950141146792,2.43070560608651,-0.113479255599349,-11.2954894042728,-1.76364644484574,-2.34897702133042,11.8047793629702,1.88004724526592,3.99714107033791,Down
-11.0632887704537,-0.723151459263745,0.295949129865657,-12.3163261712302,-0.487853894731933,1.25154821629493,9.48319766576632,0.309462720254771,1.0973113712028,-10.9156678916365,-0.682847507396128,-0.398985660499599,7.47684966341527,2.50135376552494,-1.81473662296404,Down
-11.8421310278184,1.68004056512932,-0.880588906359876,-11.6848939366216,0.648645217828587,2.28493781675359,9.47562705885515,-0.486362545841616,-0.245783464380673,-11.9131215632957,1.78120209199064,0.267907725367163,-0.421373709760544,2.98505267361849,-15.6471644232325,Down
-11.9547594511044,-0.360959372835828,0.696772191043524,-11.9784386344374,1.09405581161857,-0.146864406773646,7.60914316119526,0.8448211535175,1.66008048523656,-12.5503108434623,-0.614574139056238,0.0215507268473567,-0.323281726744974,2.81651462962025,-19.0674426471683,Down
-11.9346999080947,-0.783320020037607,2.03262974826394,-11.3345783859389,1.06788726993759,-1.11194886096582,7.95141970668189,1.91657500529653,0.917853383940938,-12.527263519655,-1.15221147465732,-1.00076117634976,1.1793896823644,2.38074886873267,-17.0264601135605,Down
-12.2108395686303,-0.943969933173732,1.14009543730389,-10.5400056466262,-0.0156894077698908,-0.872088870726216,8.67449172544348,1.72731166071641,-0.466208504492936,-12.9280017333913,-1.21903259374632,-0.686926822941515,2.78744221620814,2.57177240573721,-12.8512070015645,Down
-11.3861555907087,-1.07014230898188,-0.429006823382689,-10.6139320744125,0.65389587353696,0.672736388814332,9.11057640705516,0.989373989406826,-0.781949847530114,-12.5456423069446,-1.56185543393763,0.395451628727428,4.53208939340088,2.46135746434473,-8.40849189110579,Down
-13.6147331753093,-2.19827196368668,4.00100122448586,-12.3597165622566,-0.792159761830164,-0.658335981860552,7.70162325849722,1.84890570837434,-0.728110678820281,-13.9934580717351,-3.1335599686017,-3.36748220879849,3.71768606859412,2.69349310759053,-5.59565490866214,Down
-14.5297997172926,-2.14071096022713,4.50110834439464,-13.0172286180143,-1.07873065946284,-1.47110335952649,7.80184479386376,1.29148688320617,0.888167798306929,-14.97938887063,-2.60082717287663,-3.75538053932326,4.14622805211574,2.87741314731975,-5.70874364218646,Down
-13.7656868574374,-0.159723753964973,3.35102133301309,-12.2216548450758,0.598617962825116,-0.392574408530466,7.99947627883826,1.67458159105286,-1.01899528600661,-14.0494136851606,-0.431608470685509,-2.64748028895905,3.16792560838292,3.51769216005413,-4.2323891241075,Down
-13.1438441309506,1.61404955713388,2.82410181558709,-11.167757092573,2.32457409135992,-1.19015103002693,8.3761552624127,2.08650532681989,-1.08810624882233,-13.1354023091865,0.754868163013058,-2.53561862711528,3.20757414836326,3.2561435894477,-4.44888825057565,Down
-14.5330494646096,-0.14911397633778,2.52055476089297,-11.2664157167417,0.305488447983823,-2.29217252810729,8.79169859737751,2.01074572042174,0.443067063504156,-14.5846657223776,-1.31071170457774,-2.57972219267977,3.14445096739926,3.49992160357034,-5.16317729010471,Down
-14.1245398842669,0.169399393437018,2.15403207405705,-11.5335307902243,0.253305422844753,-0.98895127054718,7.00175243067132,2.91328850454711,0.391555546149079,-14.3776234555221,-1.47681824630806,-2.85766333399886,4.80668525472681,3.11642972058438,-2.02935173005893,Down
-11.8168935751539,2.1194147966717,0.880769938028208,-10.6092451993911,1.720389721152,1.93783017790989,8.04722600435723,1.5565494818008,1.6919639541028,-13.0189782231406,1.05575609063187,-2.7504195972302,3.86172675732145,3.09255640775157,2.09367908756096,Down
-12.5340424966595,3.07035154065958,-1.0143466566159,-11.4662398075422,-0.0524424373571815,2.55918246166509,9.3746707703748,0.884923310873187,2.29661198828309,-12.9987428751487,2.86738814652427,-1.23023024100502,3.07897416541841,2.72634411536922,-3.80034568304106,Down
-12.0374613735106,2.83163666679003,-2.68481879501636,-12.2593896019018,0.567927039046903,1.64975878718641,9.65003919195863,0.810350126401056,1.472123663371,-13.075872461966,2.95251754784218,1.03751075459693,4.16607232832022,1.51288528621589,-8.07165704091589,Down
-10.5480639033416,3.39425281291567,-3.09555733178358,-10.7237486365819,2.19109868064792,2.47557913386952,9.75870499814235,0.863151660056527,-0.455411544339569,-11.8943840279987,3.0414686764047,2.10393343592302,5.55604841808337,1.66422112498292,-9.84070693117297,Down
-6.26086509120141,5.69591678994043,-9.52549487824244,-9.855182784618,2.02620682643041,3.05633177386024,8.78416009335248,1.11177813731862,-2.3284324824041,-9.15373327297439,5.40091471782266,5.59568752165459,5.11602074382738,2.49604521725118,-5.35496961979019,Down
-9.58760485698385,1.41858023224932,-3.98842320062643,-10.0624484864815,0.0841339210562146,-0.201633521584316,9.5098305278359,0.647231522899877,-2.45275108410795,-11.5937928621378,1.37194117863657,2.22943236050844,5.65548145129369,2.92369963522189,-2.05827958463968,Down
-11.0715796791042,-1.26785724892201,-0.405600912128105,-10.7980516279287,-0.714666024949762,-1.03210649543019,9.85006280569384,0.704931082539095,-2.1133149320443,-11.6638179716056,-0.759005774458485,1.03330923421467,6.227302313055,2.52273141463739,-4.64637579747277,Down
-11.2941432136821,-3.03297415802749,3.56344881623176,-11.1674207201332,0.519493851833747,-0.487309693092412,7.68875488305105,1.15167097069842,1.49044159923634,-11.9110693967151,-2.88330138949443,-2.18938312613933,5.41397988844719,2.15696528480079,-6.89969172428521,Down
-13.3062459996644,0.164530393798863,1.80365838679632,-11.7018434011151,1.26179195303072,-0.351406048205192,8.30223944824882,1.2678437511997,1.78835474253324,-14.3006484127549,-0.566945316372464,-1.69306464227272,3.06842089237099,2.96973353274472,-3.78962512079069,Down
-11.77114563806,2.76825553844977,-2.81070434083218,-11.8874065538372,1.19120417826918,0.422310256201471,9.84179298798429,0.0311285894497985,0.539708588915845,-12.3883704961764,2.05199739404093,1.23865637825967,4.94195883452261,3.01783298897276,-1.02773280162353,Down
-10.7176494876058,2.65924417599529,-2.16485904456022,-11.38446221219,2.40102155202048,1.53251590962416,9.71138618380296,-0.490378114611887,0.524067397170124,-11.4919600250255,2.79523624508293,1.01588034365046,6.92028940026846,3.09386770595396,0.324068554191765,Down
-10.027082091596,5.7465044183144,-6.07151904486387,-9.95428874145811,1.96202628454397,1.88282792824171,10.2141359914469,-0.558149921008504,0.530595283787943,-11.1659726263542,6.90820517520083,3.76118547937005,4.33722153927781,2.28320063498679,-6.77356788477424,Down
-10.8511800539803,3.21075338495073,-3.68750479340343,-10.2606759338602,0.450432403235782,0.338955995610578,9.90296844872236,0.368428476029578,-0.0841659772088166,-12.529161360449,4.07595049764595,1.68931396478384,5.06529035115845,1.39772620830921,-11.5826925333345,Down
-11.5186598290317,-0.704629716629622,0.159551373069046,-10.9547542726707,0.33586800371313,-0.37513770184311,9.60574562271465,0.79383308190082,-0.261738835913798,-12.4113260558695,-0.630600949034637,-0.410840350838949,7.20306234890588,1.45196506180329,-4.575309802998,Down
-10.7542996833207,2.08874722092497,-2.65949672789249,-10.0388414557448,1.10380233113708,2.65394469905191,9.9386670077755,0.222303317234058,0.0733075721780136,-10.8530979622427,2.58688426952955,1.43796284435952,10.7159994248029,1.67399779396282,2.68087851677284,Down
-12.2565366104206,3.11888148447461,-1.42939549362795,-11.0334967517322,0.699292738537967,2.19519980092719,8.94035478966144,0.929389069984911,2.18045931302451,-12.1256650647605,2.96432387949647,-0.21593213864592,11.0456847111241,1.31715413746487,3.90101672162638,Down
-13.6002144832813,0.554227633988611,2.26632493322662,-12.1726580300755,0.985051844057295,-0.299699256811054,10.2913202775388,0.55501138541329,0.62301666953524,-13.6296847496283,0.170324425754407,-1.58570787966358,11.1735916834918,1.20295943342192,3.93945839327051,Down
-15.0035534379538,-0.688007731455895,2.58675189146374,-12.8377087799193,1.34745053274682,-0.00457130045571041,10.9197488792137,0.240443834645005,-1.52167693862403,-15.1013392718674,-0.32440761465051,-1.52667939352195,12.0285192501508,1.21028734969358,4.98598380906111,Down
-14.2626746026904,-1.41400329514185,4.36481283016497,-12.8106758018213,0.690702542167296,-1.16817383631639,9.8569833049019,0.0337896246640134,-0.433428851972872,-13.007244057778,-2.28884557980532,-3.63435769053029,10.5046136703536,0.847007619051848,1.93614009278183,Down
238.850396348987,-49.6006172421173,-13.6902972702613,188.017916606987,-47.7168136721375,0.107888022821035,-147.65118869595,-76.3490702895257,-30.4837479498128,236.072773014014,-30.9225395987941,25.5520656964742,-46.7695478590094,-104.962232684067,-6.22739041518152,Left
105.467819323145,-34.5542333440241,3.97175502012493,57.2624210167835,-6.38185452916416,13.207139162682,-7.82713991544507,-10.9806833233586,-2.93585184970375,98.9401465077138,-24.5891273318568,11.1336897534766,2.60353971642627,2.0846516135722,-5.37555854346163,Left
56.8551941481178,-25.6081171700837,6.44788368529186,26.0530967287016,-4.96097146814748,2.20442586197225,1.14007579608714,0.677570940894776,0.907640297338045,53.9743995999051,-19.1656460543218,3.17184680357894,2.15068104627782,1.32734053606491,-5.4606458146915,Left
94.1625050069843,-50.0940461950929,19.5129759178043,34.4637049695328,-15.3772063248812,-8.35866823875334,1.36634688947671,0.107115452913488,-0.0499224626959958,87.3202562884285,-41.809104748524,-3.07317198268867,4.41566697186574,-2.18051694236151,-2.28087712691463,Left
110.592538802692,-64.0868730315653,29.7168026522993,46.7152309816495,-24.4589213248847,-18.0918106328351,-0.0593916339116996,1.16892952707962,0.158757856810303,105.413609456562,-57.2493597152235,-5.07753637556204,5.54262086381944,-2.08738225470447,-1.6329728641889,Left
32.6705084287977,-8.24515896499681,0.276843394524482,13.3650339029493,-6.35485721813327,-2.09914614037353,2.34995108553124,1.39368509284448,0.588379012621728,30.9286254910948,-4.83945103884902,2.52876584767137,6.78336845893928,1.59160710315488,0.116210849784943,Left
14.0359524915874,4.84703536482795,-6.69926069519394,1.29039847019324,3.14009873262366,3.88922227864618,2.49660253603817,0.33539027614324,-1.76134099702515,12.2243232252358,7.85894453061918,5.98602440790743,5.08964172012634,1.98800123786703,-0.468445686504785,Left
-0.314670767995037,11.0653070571369,-9.34019899823375,-1.79549503687845,4.3231884423592,5.45961419968734,3.65132436051623,0.453293771137321,-0.0753811733421188,-0.188275589112271,9.834231617138,2.47853741281352,0.972320249174256,2.7848128994007,-5.1061978437804,Left
-4.94728761518921,8.20917688908084,-7.51832925875996,-3.98921605059687,4.70073732361488,4.28262222834507,6.3877727938279,1.03982337537546,0.697444201164016,-4.21500115008606,6.29529802855334,1.80323013894581,3.21539755058611,2.30232775440623,-3.47761980318466,Left
-5.55165127344229,-2.3023040816353,-1.05281935513021,-4.78017394969132,-1.43588495873669,-2.35684928987481,7.46521277330724,1.28561117381755,0.00669214207168634,-4.54068268497982,-2.64988991821863,1.5592936307855,8.85700813394637,1.55619675141268,-0.0266001823186706,Left
-0.486649952229474,-5.69352111407353,0.440304391775529,-2.6630441339298,-2.55289777010969,-0.872494455430821,7.5832958334843,0.795067616393522,-0.272860131061301,0.363283977982443,-4.04804497247009,1.98751145978352,7.47225648713695,2.05183873010017,1.14515361266339,Left
-10.7393273580959,-0.667758330469664,2.55190938208714,-9.49286093101576,2.24767232254415,1.63061444397613,7.95898850962431,-0.457393536736346,0.527797817036598,-10.8602999320211,0.0479540203562572,-1.26583159592483,4.31578294047752,3.54278897999693,1.29196236333126,Left
-13.0061893187632,0.912160698300766,2.50836258865952,-10.7270718973725,1.18165022023614,0.792465427073525,8.01100033662275,0.284008727682084,2.10469119174933,-12.8103146199437,0.259278334444919,-2.67169926669545,8.81967610850645,2.25495832012078,7.81402060665304,Left
-13.1198015626922,3.51944719524929,1.35449978723797,-9.83977146577116,2.78252657627572,-0.403005943959998,10.0880060228763,0.0981371319936518,1.79879356893335,-12.616544511198,3.36360673218944,-1.41334909972046,8.22330492975264,1.83423158366008,3.85772835951429,Left
-13.6084556043909,1.0329746859227,2.39436312521988,-11.3371488162759,3.19917631999768,-1.54731119872709,10.9517066341359,-0.129299305144644,0.00347909779168809,-13.765511549652,1.30600437995922,-1.39146226279787,4.71689480304272,1.82278067853252,-3.97022019099748,Left
-13.6171467606135,0.0127563200717261,0.804382843673574,-11.18919029036,1.87876263553292,1.16351140442138,8.66729970034515,1.73871496149332,-1.27651993118732,-14.7322213024284,0.337738440988145,-1.20887444031251,5.73175119720639,0.881608343584002,-2.32249675674906,Left
-12.2279640293635,3.91712467376485,-3.47926947204008,-9.44213844513498,3.69572561588431,3.36569782438031,7.05601766615153,1.43386551537859,0.566724072675108,-12.8282671004578,4.36791791070791,2.01619822407744,6.49646735639564,1.29381137439281,-1.5374837043119,Left
-12.1633132578481,2.70388309412601,-1.28351064128353,-10.2372032748681,3.49936913915944,2.11046065964644,9.2945222393317,0.0463263508842022,0.99613793176612,-12.5584099195278,2.02618242140379,0.208725870477483,6.42660185923107,0.991472477250996,-0.370770762858842,Left
-11.8546727111088,-0.50017658516405,2.14121381727797,-11.2923647640884,1.29147448136035,-0.755116322822671,8.97382136480968,1.05877365870516,0.975132734119931,-11.6047410868374,-1.79367608391078,-1.49751362392108,3.01887441705105,1.33090795299826,-2.78545947654455,Left
-4.40888791977388,1.17445521949858,1.33787233295477,-6.86822521823015,1.74904162400405,0.216668796409146,8.45778303942829,0.98785502118204,0.734863721347728,-3.96439421830075,0.146743386769564,-0.93230193297208,1.11998029987997,2.53016048572572,-4.25688183191446,Left
2.36198154477268,0.743421545855089,-2.01093187764513,-2.56470318103108,-2.00012039982594,0.295107904773891,8.82940831961988,-0.187821121885634,1.62265087774717,2.93991791586171,0.465927363370467,0.29501757427871,1.66529821799294,3.08961287505339,-5.51818944021082,Left
-9.61951461667104,3.56534680184782,-2.31840803381046,-7.70248314998559,-1.03838886928084,1.84566519807712,8.56350185630882,1.44251534672791,1.45022809396587,-8.90192197238206,3.14495291666839,0.632567594962587,2.6740541848357,2.22647229303846,-8.51364651076145,Left
-13.1671069111481,3.41072028581408,-1.71417815689805,-9.24265402702394,0.081869999834661,2.13822964550497,8.34408386364554,2.14423688390447,1.1396534461386,-12.9792624989558,2.67943355161435,1.09805705330116,4.19945406878459,2.32073268473593,-4.24339256503254,Left
-14.0188731684014,0.123024920765881,0.604352582965404,-11.651867312573,0.754168270754159,1.64462820679681,7.79707092498194,1.14043174509589,-0.513658493921618,-13.9320985652935,0.0927087855208734,-0.166350380261999,7.03199674139073,1.9570364832584,1.66278971269938,Left
-13.62838556679,-1.60713137658833,4.32342371840725,-12.0064075499379,1.14866931741616,-0.917102585870879,8.34271982280759,0.649686067391939,-2.29072723265376,-13.960969649169,-2.43752945165549,-3.22245337912263,6.3321966045017,2.04698539177476,1.78831535630984,Left
-11.6100063678204,-0.430996791639197,4.7987629794837,-10.9098544047096,1.69433505558199,-2.64069942952524,9.11664031096166,1.45990757802926,-1.15887878178229,-10.9869789110285,-2.88460498804669,-4.06662532996235,4.32677789099827,3.08954522394449,1.05581377689048,Left
-10.8808766352536,0.112526840739304,2.43272929395192,-8.68027505566872,0.671340622501858,-0.662170723461732,8.83487431874331,0.158352085112332,-0.414683158969067,-9.74740422894535,-1.52275844524413,-2.4525813168903,4.10161994726632,2.10268193124791,0.767757914821308,Left
-12.0223039516962,2.99022188219853,-0.0990477577994186,-8.53381284848533,1.86789713811764,2.30115648902507,8.46339256747734,0.764637910521177,-1.13649269155897,-11.2808224456048,2.69614652452191,-1.15528339479206,5.87381448220837,0.560371065128173,-1.04309104592137,Left
-11.1764704606052,2.80944718113744,-2.50390968785343,-10.8065123379761,2.85355934191129,2.29651481523442,7.29831595070303,1.47934748587228,-2.03063068432131,-10.5595751829852,2.7461551875586,1.24367193782959,8.79611547578521,1.10706152592875,1.08434321540663,Left
-11.5179538263528,-0.42991210908034,-0.989665627626053,-11.6071890073975,1.52398731226395,1.02387785566749,8.50456782723801,1.17649896660665,-1.22017319079525,-11.880420525492,-0.453933673494316,0.903490515523021,7.48324092867252,1.58531966317229,1.62978356629319,Left
-11.9701267847801,-1.08496733741988,1.38635237021467,-11.6509226351728,1.0055924258646,0.37455056623564,6.97472150878529,1.81019938452303,0.576689026395667,-13.253117528065,-0.232148129291565,-0.728386186367004,4.33482710265486,2.15815982485839,-2.80668764707214,Left
-11.3056057833131,0.974328254089035,1.12230435145132,-10.141615987481,2.58311604328796,2.00470348822339,7.17801645549691,0.884440401658061,1.60944454829551,-12.5925037997093,1.37138601863149,-0.753966377590876,4.44845524591037,2.78843501160136,-0.896046400777168,Left
-7.82686475397271,1.54363232937092,-2.8819390251263,-8.96720859875859,3.54779221555022,3.16966726554676,9.3359918158428,0.899775742643096,0.216812891608225,-9.84166961253297,1.66541700141903,1.65510592137052,7.65119210505506,2.30950837282598,1.89740977856815,Left
-11.1875627139674,2.69064573856991,-2.42294458049814,-9.32890694880089,2.60713728823979,1.20877349546066,8.92332530086676,0.840237666694087,0.390653807941379,-12.3601575738605,2.28857534965943,1.0755296136221,6.33532816784306,1.39868861393129,-1.33535846005726,Left
-10.6994546538009,-2.01289995267799,5.83538330264467,-8.87097261546895,-0.941694936687093,-3.39503219642566,8.59347036850766,0.726732838301509,1.9871527278372,-10.574796416554,-3.6379416946171,-4.50237531765464,6.90482918199697,0.920200120479798,0.260654116415615,Left
-8.85531305291584,-4.06272606212733,5.64517051585138,-10.3577727224266,-1.06284452391487,-2.63012682411387,7.84359360149172,1.09219026290407,0.738357742268653,-8.35565281847449,-6.10720181146635,-4.1192393115223,8.75312626942157,1.78374160174343,3.67360738149731,Left
-10.7988243564895,-2.28367085210221,4.41998480962309,-12.8022461378513,-0.245991386934756,-1.86183497230385,7.22992283036481,1.51326952976711,0.474721591927706,-11.8112133565248,-3.18622199954025,-3.16971158344025,3.91284864074456,2.42193152523877,-2.10454221142782,Left
-11.3103438742304,1.70375888166702,1.11846536506155,-11.1145223699686,1.40243673912429,-0.683273868932883,8.32552547028696,2.00180501552859,0.69698505012365,-11.7982103139268,1.05574456409081,-0.581692178677092,5.73063983099649,2.43434818768702,-0.0369823672396293,Left
-13.7302268198078,1.45874925212901,2.19711681693475,-11.2377713421292,1.8080864086227,-0.472204851521205,8.89858368798461,1.18321593448838,0.703260562330702,-12.7915829898994,0.293345343158215,-1.68112577831868,8.64924050773152,1.40069696018842,2.73305238480122,Left
-14.9476062283137,-0.981895156256425,3.65695629414437,-11.9235727338241,-0.179593347154125,-1.76253772890078,9.00479918553353,1.20557777365488,1.25408590910567,-14.4852487181717,-1.99227050222927,-2.81494015189563,6.15018241093277,1.73432937967888,0.00635227223583024,Left
-12.935242209384,0.694648037209515,-1.38324360435962,-11.238414885678,1.25810021794009,0.95897409601762,8.91809247218503,1.04130745831889,0.950295093889127,-12.7752011052598,0.20328146768959,1.68891907547915,4.0491328525242,1.38107918668181,-3.98310732287024,Left
-10.4176621736455,4.11988792574715,-4.90519962712793,-9.42709932208933,0.983607626739015,3.94446644162093,8.4574909411058,1.10569897135728,1.83284732245141,-9.88262745465441,3.86017568417159,2.38177814549308,6.81959373729453,1.69984893238151,1.10012409123155,Left
-9.60578250511479,4.03222706809803,-3.96256209722692,-8.46146503862797,0.120892756635485,2.54567626531024,8.67532766408033,0.844740632176159,1.38745129167816,-10.2565125784922,4.28181514615232,1.44523620720558,6.9580384739783,2.76951448486575,-1.4287532574277,Left
-4.37501172423168,0.259723139517652,-3.35575749967521,-3.76428201984727,-0.730179238131879,0.532596121245819,5.63631043062458,2.46831704561864,-3.0872902636393,-5.16277624919002,0.864327354824839,3.97846804387153,4.92490188024655,2.7635042636527,-3.34304411417388,Left
-6.39031865527395,2.68287474872036,-4.25907783352406,-7.22178992265166,1.45034024887584,2.0136609479818,5.31528934160453,3.02864481669276,-3.69946025050745,-6.66775479356185,3.01450242593626,3.94201557490745,6.21161309771963,1.86887027335541,0.722848583039246,Left
-10.5835252251107,2.96421827233629,-2.21447072816959,-9.83141796584913,1.70524418671641,1.61162307964643,7.4855027444375,2.24117578135542,-0.209258939584823,-11.0641720699289,2.64691133553875,0.724430185368733,5.95544508255716,2.1423796534026,1.63073731883976,Left
-13.4934967142047,0.438677507980361,0.844236983097154,-10.4270122672909,0.558979698353992,0.140360500419973,8.6374180604433,2.12799677313168,0.583066713407945,-13.5304620052561,-0.144620056752053,-0.679365206846095,1.44935457202493,3.27012732517188,-6.00679213018642,Left
-13.0180844718126,-0.737690524284093,1.5246743670717,-10.2147124312584,-0.270247432154252,-1.08675862571749,9.00173419896281,1.19437128461029,1.56191163968937,-13.6216225427084,-0.493443888154482,-0.964324748460591,2.22520595688097,2.78165351026305,-5.5268753235643,Left
-12.5170479630294,1.10207916651722,-0.176806530110611,-9.72647273887743,0.458393612349558,-1.29425838030176,9.51609970948318,0.981561141293702,0.796939441152437,-13.2205564622315,1.5056302796171,1.58985662151026,6.99168360510516,1.83004259523,0.342572262749942,Left
-11.2627021778404,1.12109393008748,-1.94307545875133,-11.3061091555594,0.442779554033092,-0.630692294483946,8.08958574332884,0.972109691700743,0.653917534186704,-12.4198859029265,1.43627232524875,2.93648206949194,7.03687097771265,2.04572586504653,1.53555861931007,Left
-8.36059392372585,0.863421127284745,-1.79466033369096,-10.5310417580182,-0.114057145276433,1.43980926019482,6.86695505636824,-0.885527327110348,1.96929551006397,-10.0220693830542,1.50709827620095,1.08894815022601,2.0636392762222,2.83828896399869,-7.43252717346782,Left
-9.28913823163916,4.04401495105301,-4.40808497866747,-9.3388356293963,0.67030679518398,1.74063490387152,7.58019822061995,-0.402136451404739,3.91285921498689,-10.6732719648085,4.22251680587039,2.59456403793095,4.53830933906896,1.84514605567008,-7.46767777662098,Left
-13.5624225097069,2.66470533975287,-1.670883127761,-9.76430662282964,0.862588779054382,1.59967126935043,9.38661257651562,-0.485451085989835,1.06766849328533,-13.81871938473,2.8988417319693,1.45489757318742,7.81740117244687,1.23783353665223,-1.76335036708095,Left
-13.9811860419572,2.51317405913746,1.1958924310744,-10.4496092095299,3.11181169614329,1.5483249754191,9.44919098764608,-0.726288743749657,-0.158619346684013,-13.759617978515,2.18774726444459,-0.0229512144066909,6.0703498022761,1.85002342059267,-1.96821712703111,Left
-12.630272323002,0.920470386668692,1.46414244114818,-8.97576571599471,0.0333452866957142,-1.43282555437436,8.77586104629886,0.222732919700879,2.93198912562035,-13.0634416690827,0.393082275731481,-1.31404878069444,2.20233451307271,2.43937687233195,-3.85575973533303,Left
645.803189033799,58.7378363480739,42.9891656765059,871.145046354885,35.3208182308807,-6.70149405858376,-325.62912688763,-59.1911460571572,60.4476358153624,806.334489057273,22.3047948733922,-37.015396993311,-37.6413650778631,-103.962485321131,14.5043847130508,Right
120.976462938507,12.0443523028886,-31.9669530634526,118.739564964738,0.0304726214741002,21.8623485576819,-8.50136703887542,-1.80397500159669,5.88411103597842,120.3622418194,23.1560625686161,25.1257544362294,6.82662670322757,0.783428290863421,6.27609861628293,Right
59.5633037999574,-10.0602060046977,0.0768753055894593,62.8099341030902,-19.0315610008515,-6.59055238858904,-1.32863321017248,-2.14363425594257,1.74387461463024,60.2532044400932,-7.38006072935684,3.61419882539957,9.60259155544992,0.293315525955332,6.62929437544397,Right
11.2336273854976,1.16640644128095,1.47986080238967,9.57093231255995,-4.08866666869674,-3.24433935255804,-1.9572922325398,-6.87680837016501,0.523484252861269,9.81529067896195,0.107015914328282,-1.92870430495941,12.0667110164814,0.960854590379207,9.52428950938987,Right
12.9794388141075,-4.66842856538151,4.88148733721013,-0.343868373165923,0.00667331230373169,-2.40978860995127,2.82550184298954,-4.75571132888885,0.244285671173312,6.41435167392487,-1.73118467840611,-3.96979592570679,12.5819821259119,1.48256167671458,10.4194873924241,Right
3.20628495711259,2.24338454484144,1.14043355296727,-0.0488576088214698,3.16960195189904,-0.197765879193752,3.06208421642346,-0.428976601484518,1.15207761336163,0.252582418958705,2.66494440133697,-3.32235863411856,11.9557673582919,0.716554320717356,10.3235300806444,Right
3.20628495711259,2.24338454484144,1.14043355296727,-0.0488576088214698,3.16960195189904,-0.197765879193752,3.06208421642346,-0.428976601484518,1.15207761336163,0.252582418958705,2.66494440133697,-3.32235863411856,11.9557673582919,0.716554320717356,10.3235300806444,Right
-4.6008070149847,9.31104497823815,-1.94208199182313,1.3153976141092,3.08037745479938,-1.0154001585207,5.31630897264539,1.46350069873718,1.17322606654935,-4.66395692041722,8.03118468686947,-3.00695500180582,12.3216098362641,0.0406941237940495,14.1783776353346,Right
-4.78548076021326,6.38764217493723,-0.312013937611536,-2.89287890496747,3.22508172173108,-1.4787699368227,3.63578239805453,1.78355405238226,0.530090422107398,-3.90782644477737,4.98582846082521,-2.34565077666258,7.95519183293827,1.43896865629199,15.8731739081415,Right
-4.78548076021326,6.38764217493723,-0.312013937611536,-2.89287890496747,3.22508172173108,-1.4787699368227,3.63578239805453,1.78355405238226,0.530090422107398,-3.90782644477737,4.98582846082521,-2.34565077666258,7.95519183293827,1.43896865629199,15.8731739081415,Right
-4.78548076021326,6.38764217493723,-0.312013937611536,-2.89287890496747,3.22508172173108,-1.4787699368227,3.63578239805453,1.78355405238226,0.530090422107398,-3.90782644477737,4.98582846082521,-2.34565077666258,7.95519183293827,1.43896865629199,15.8731739081415,Right
-4.78548076021326,6.38764217493723,-0.312013937611536,-2.89287890496747,3.22508172173108,-1.4787699368227,3.63578239805453,1.78355405238226,0.530090422107398,-3.90782644477737,4.98582846082521,-2.34565077666258,7.95519183293827,1.43896865629199,15.8731739081415,Right
-4.78548076021326,6.38764217493723,-0.312013937611536,-2.89287890496747,3.22508172173108,-1.4787699368227,3.63578239805453,1.78355405238226,0.530090422107398,-3.90782644477737,4.98582846082521,-2.34565077666258,7.95519183293827,1.43896865629199,15.8731739081415,Right
-4.78548076021326,6.38764217493723,-0.312013937611536,-2.89287890496747,3.22508172173108,-1.4787699368227,3.63578239805453,1.78355405238226,0.530090422107398,-3.90782644477737,4.98582846082521,-2.34565077666258,7.95519183293827,1.43896865629199,15.8731739081415,Right
-4.78548076021326,6.38764217493723,-0.312013937611536,-2.89287890496747,3.22508172173108,-1.4787699368227,3.63578239805453,1.78355405238226,0.530090422107398,-3.90782644477737,4.98582846082521,-2.34565077666258,7.95519183293827,1.43896865629199,15.8731739081415,Right
-4.78548076021326,6.38764217493723,-0.312013937611536,-2.89287890496747,3.22508172173108,-1.4787699368227,3.63578239805453,1.78355405238226,0.530090422107398,-3.90782644477737,4.98582846082521,-2.34565077666258,7.95519183293827,1.43896865629199,15.8731739081415,Right
-4.78548076021326,6.38764217493723,-0.312013937611536,-2.89287890496747,3.22508172173108,-1.4787699368227,3.63578239805453,1.78355405238226,0.530090422107398,-3.90782644477737,4.98582846082521,-2.34565077666258,7.95519183293827,1.43896865629199,15.8731739081415,Right
-4.78548076021326,6.38764217493723,-0.312013937611536,-2.89287890496747,3.22508172173108,-1.4787699368227,3.63578239805453,1.78355405238226,0.530090422107398,-3.90782644477737,4.98582846082521,-2.34565077666258,7.95519183293827,1.43896865629199,15.8731739081415,Right
-4.78548076021326,6.38764217493723,-0.312013937611536,-2.89287890496747,3.22508172173108,-1.4787699368227,3.63578239805453,1.78355405238226,0.530090422107398,-3.90782644477737,4.98582846082521,-2.34565077666258,7.95519183293827,1.43896865629199,15.8731739081415,Right
-4.78548076021326,6.38764217493723,-0.312013937611536,-2.89287890496747,3.22508172173108,-1.4787699368227,3.63578239805453,1.78355405238226,0.530090422107398,-3.90782644477737,4.98582846082521,-2.34565077666258,7.95519183293827,1.43896865629199,15.8731739081415,Right
-4.78548076021326,6.38764217493723,-0.312013937611536,-2.89287890496747,3.22508172173108,-1.4787699368227,3.63578239805453,1.78355405238226,0.530090422107398,-3.90782644477737,4.98582846082521,-2.34565077666258,7.95519183293827,1.43896865629199,15.8731739081415,Right
-4.78548076021326,6.38764217493723,-0.312013937611536,-2.89287890496747,3.22508172173108,-1.4787699368227,3.63578239805453,1.78355405238226,0.530090422107398,-3.90782644477737,4.98582846082521,-2.34565077666258,7.95519183293827,1.43896865629199,15.8731739081415,Right
-4.78548076021326,6.38764217493723,-0.312013937611536,-2.89287890496747,3.22508172173108,-1.4787699368227,3.63578239805453,1.78355405238226,0.530090422107398,-3.90782644477737,4.98582846082521,-2.34565077666258,7.95519183293827,1.43896865629199,15.8731739081415,Right
-4.78548076021326,6.38764217493723,-0.312013937611536,-2.89287890496747,3.22508172173108,-1.4787699368227,3.63578239805453,1.78355405238226,0.530090422107398,-3.90782644477737,4.98582846082521,-2.34565077666258,7.95519183293827,1.43896865629199,15.8731739081415,Right
-4.78548076021326,6.38764217493723,-0.312013937611536,-2.89287890496747,3.22508172173108,-1.4787699368227,3.63578239805453,1.78355405238226,0.530090422107398,-3.90782644477737,4.98582846082521,-2.34565077666258,7.95519183293827,1.43896865629199,15.8731739081415,Right
-4.78548076021326,6.38764217493723,-0.312013937611536,-2.89287890496747,3.22508172173108,-1.4787699368227,3.63578239805453,1.78355405238226,0.530090422107398,-3.90782644477737,4.98582846082521,-2.34565077666258,7.95519183293827,1.43896865629199,15.8731739081415,Right
-4.78548076021326,6.38764217493723,-0.312013937611536,-2.89287890496747,3.22508172173108,-1.4787699368227,3.63578239805453,1.78355405238226,0.530090422107398,-3.90782644477737,4.98582846082521,-2.34565077666258,7.95519183293827,1.43896865629199,15.8731739081415,Right
-4.78548076021326,6.38764217493723,-0.312013937611536,-2.89287890496747,3.22508172173108,-1.4787699368227,3.63578239805453,1.78355405238226,0.530090422107398,-3.90782644477737,4.98582846082521,-2.34565077666258,7.95519183293827,1.43896865629199,15.8731739081415,Right
-4.78548076021326,6.38764217493723,-0.312013937611536,-2.89287890496747,3.22508172173108,-1.4787699368227,3.63578239805453,1.78355405238226,0.530090422107398,-3.90782644477737,4.98582846082521,-2.34565077666258,7.95519183293827,1.43896865629199,15.8731739081415,Right
-4.78548076021326,6.38764217493723,-0.312013937611536,-2.89287890496747,3.22508172173108,-1.4787699368227,3.63578239805453,1.78355405238226,0.530090422107398,-3.90782644477737,4.98582846082521,-2.34565077666258,7.95519183293827,1.43896865629199,15.8731739081415,Right
6.64694204324193,2.07407555894083,-6.24570524065064,2.80235877830419,0.242147465771149,3.18210557848877,-16.385159190114,6.80060235770372,-1.42627230444035,3.65137724348616,4.01668661747691,5.47075087523135,-21.1961748668226,2.58454521038325,16.5990557030149,Right
233.696048370506,-12.1533736640098,-54.5644522688753,159.641455956106,-35.9425110063637,18.3437215454377,-358.615445765129,77.4955060608904,-11.97691501048,188.831792647457,11.6159416770577,46.4705711411921,-479.859701277487,21.8775054577417,10.2483863756761,Right
232.626327617778,-17.540642022018,-46.7588291902761,164.104804809996,-40.5360921143139,11.7920548932606,-351.990387761366,67.0064120160014,-10.8243491041306,193.517133956158,1.45747179012995,38.8179922204113,-473.054745736103,18.5369726081429,1.72699223245267,Right
0.467788288667681,2.71610924100318,-1.75846313692402,0.527035644493111,1.74221431339639,0.0899521484355848,-12.9328352628861,5.5200831848169,-1.73298297037486,-1.47352279835041,3.20269639124225,1.363433726514,-22.8942011513855,2.59990216429818,-3.21949748528909,Right
-12.7648621303776,8.0861827933441,-1.12931144594085,-10.1051039891933,7.15190660151585,1.8111310723907,7.99664576664985,1.44672075149441,-0.679049108970886,-12.7759533711499,7.68977129792291,2.18090021242334,6.90321807392091,1.54566534052112,0.76922885038908,Right
-12.663498299483,8.04341531048213,2.56377462114998,-10.6845609067459,6.5620053648721,0.754633986319237,6.75090938704876,-0.146305123737989,1.86893012624765,-12.4137187506736,6.98585143080577,-2.40653904224621,10.3468332279525,0.883180964401828,7.61915475000173,Right
-11.917015701464,5.87573306723069,4.64519082540085,-8.68585668839249,4.86540189648781,0.615615609426427,7.75691614257458,0.721470025948724,2.90912232341316,-11.6793313872909,5.01799813708483,-5.52529735133683,9.87099071730588,1.37760383609255,5.63023384522297,Right
-9.2001270889095,2.55703148938168,1.19754198131185,-8.32581805793446,4.2617022893896,0.843960905775579,8.35987254548462,1.97818521100152,0.540457834556139,-8.3378801265577,1.87262555054612,-0.30739094379273,8.08435014197924,1.18758787881976,3.62842337044513,Right
-8.12684376456952,0.869480043642283,3.23976552427981,-7.90555863280889,2.75866747574581,-2.14572856037449,8.94966961416558,1.600867511683,-0.23906156919794,-7.8238810011492,1.11252103088131,-1.5821329936439,8.69985385763487,0.811919342723061,2.17366463237054,Right
-8.12684376456952,0.869480043642283,3.23976552427981,-7.90555863280889,2.75866747574581,-2.14572856037449,8.94966961416558,1.600867511683,-0.23906156919794,-7.8238810011492,1.11252103088131,-1.5821329936439,8.69985385763487,0.811919342723061,2.17366463237054,Right
-8.92020665604906,0.844518675190126,3.92431935249902,-8.58748359363902,1.99119395489917,-2.41499778042027,9.1032810718209,0.448524104559458,1.47092204206235,-9.30980175078338,0.998422931093039,-3.33293250976005,11.0374411355534,0.811640260263369,4.88372938011533,Right
-11.5191544166992,1.38487593482058,2.37627524852155,-10.2070916392809,1.48057654741926,-0.714573647325039,8.66678140163542,0.225147799291084,-0.518778005435277,-10.0840897599349,-0.4976520861713,-2.99813143848125,12.1396685400078,0.999594006894054,8.1743198857179,Right
-11.7316576515929,4.36106322743115,-2.38236061238073,-8.53775464767391,5.58939587751252,4.72003480855784,9.24383822700454,0.521391964493215,-1.18196824029835,-10.6853668967916,3.70270271826243,2.07961106218243,11.3904015836427,1.04309809493444,7.32928613826214,Right
-12.8859857405288,7.05268485634948,-1.49027071723101,-8.30338866805202,8.49516553088991,3.69771508701573,6.96719118380161,1.49568027792221,1.82869587528085,-12.3542741907578,6.86807359253257,0.892844161347419,12.3208449128499,0.370901901911551,8.35197988160194,Right
-13.9116964491594,2.77991041050045,3.37784184702467,-11.4531522960068,5.00523533752123,-2.26587178632472,5.79208955655112,1.8817328556886,2.64743431389403,-14.1584624114084,1.90135110893998,-3.53630095686846,12.0932914587391,0.908276403176567,9.68362163718997,Right
-12.6294040547259,4.27478659716619,-0.78346789208901,-8.89796328372445,5.23529167598567,1.60385764367976,7.56348842865948,1.66327527181654,0.171795291399232,-12.5026771913872,4.77401244815864,1.18392949482952,10.6667893720271,1.23185260607853,7.29559505334033,Right
-11.0497781155574,5.93295170071074,-5.09132461812674,-6.3056983532075,5.71053789443687,4.66801418198217,6.55054106877231,1.52494623199496,-1.00857570569505,-12.0295767350182,7.51308568799198,5.69100738383639,12.5589546587328,0.822705229060805,7.22012309136099,Right
-9.98148722353528,6.93112812932646,-2.09341763333983,-8.05819653865637,7.89261639439237,4.4438771170683,5.62088997447487,2.30466470346284,1.79883497733702,-11.0720871504882,7.38538914582188,2.39099942961169,11.4287103359215,0.731318215115226,6.06585297131616,Right
-8.47436698066897,5.05022755330088,0.70281551018233,-7.29525007740893,7.21693265490435,0.101974093698093,8.04457898240315,1.09350737563113,0.945443211434841,-8.05792456832134,4.08747574603686,-0.423873182931143,11.527084080764,0.446308073230723,5.75023990401427,Right
-8.90695130326557,3.37534740513596,-2.05656435328905,-7.72510912061383,5.57605099210865,1.52633431610237,8.71241539426997,1.02659383125026,1.02403962088737,-8.55260588385299,3.29508681360688,1.21669737878158,10.6013907769105,0.910303693007949,4.57015604508495,Right
-9.84771267600095,9.18642634766851,-13.613483306491,-4.63851725112275,9.93825364239068,8.98286660931858,6.93166629641076,2.51881281421531,1.22374712195562,-10.0619259133111,10.9774853528082,12.0158109706628,9.70647054872718,0.461142968856872,4.89967702309004,Right
-11.5319389278293,8.35967776132528,-7.92230958148395,-6.59115738454745,8.05026339731909,5.44391380430836,8.02916516981764,2.32417915601563,0.24007008328079,-11.3494813629582,9.41467256510893,7.0975684339352,8.15278815794095,0.650337654629025,3.568353421944,Right
-11.5393149115149,5.85561715674068,-4.80431711583063,-8.65329627721809,6.53947173822657,3.63131842771646,8.28987070769949,0.945110081480269,0.690009201577499,-11.2106311385152,6.37210621093814,4.12649914802717,8.89175390802492,0.774486867650539,6.51844231356501,Right
-11.925765967905,5.08044998075622,-0.115628535131907,-9.04504114756938,5.85115321189829,1.76535215245146,7.98965612799216,0.963735599744608,0.833218913918796,-11.7146268698929,4.42640151622416,-0.46277968601616,11.8439697000375,0.348645680204046,7.0618962655844,Right
-11.120884046291,6.89472276658771,-2.30610683925342,-8.51