-0.806598585,99.19017376,20.23485009,-14.93447765,-60.90852331,-18.98462662,-60.59284795,-91.34214569,5.15091612,-3.765480649,-103.2437319,32.00621428,98.16078358,3.839040363,1.417142021,Up
-27.41824217,-4.300254596,1.148768873,-20.92584297,24.46035851,3.581402955,11.05898317,-2.271964938,1.710836952,27.77113609,6.526133476,0.85545694,-1.019961441,0.358324029,0.621763475,Up
-25.98781683,-3.542490235,2.073492312,-22.54785973,23.03156776,-2.192518222,9.772936229,-2.180003746,2.321528859,26.23393396,4.182579104,1.820078393,-1.235601606,0.289412037,0.477574375,Up
-23.65355322,-6.760551341,2.987278158,-23.99939984,22.22618697,2.844712036,10.33550447,-0.606086933,-0.689266885,23.3460478,7.063605519,1.769314607,-1.3297338,0.341949983,0.254564998,Up
-28.09060827,-7.211422263,1.441182726,-23.88231812,21.35587414,3.059017313,11.16933643,0.07976908,0.786141078,28.20884075,7.487779114,-0.355795386,-1.304154731,0.294687985,0.317657032,Up
-29.61321391,-5.838859297,1.926911972,-18.63412314,17.4365049,2.472926872,9.252771563,-0.213313807,0.704415409,30.24265927,7.075973601,1.916310699,-1.110130959,0.21777917,0.242857454,Up
-26.33070828,-5.662252835,4.216188749,-31.52636268,14.66499919,4.552034057,9.411468943,-0.884958983,-1.118885969,31.41574397,7.097001118,3.441882157,-1.052470357,0.287565634,0.08429536,Up
-23.61518928,-2.726734802,0.371569007,-29.64372369,20.47828009,-0.126560502,11.98347915,-0.932621943,-0.961605583,34.31036017,0.740940971,-2.115786841,-1.218573323,0.297247035,0.391036678,Up
-15.17608676,-3.17444405,-4.571787615,-28.0342038,20.02616014,1.856614776,10.52221394,-2.240259316,-0.955958353,28.07484526,4.821483719,-1.067087974,-0.872951425,0.171893512,0.445309416,Up
-15.22306692,-1.295156084,-3.675431145,-27.40964838,7.350367953,2.113137384,9.83632332,-1.620543445,-0.409023807,24.91341537,5.022816411,-1.96204747,-1.02314928,0.176974397,0.185801787,Up
-25.34622205,-0.670953436,-1.658595338,-21.92025076,10.84193746,-2.092407197,10.41707932,-0.981245662,0.298028887,24.26007072,0.854109351,-4.121662423,-1.208925659,0.202709558,0.311120911,Up
-24.68539282,-1.246031523,-3.762863972,-14.95590761,19.39283283,-2.721402006,8.206689584,-1.945541999,-0.661855332,20.84458868,0.603110827,-2.686276244,-1.369500181,-0.02333644,0.583323168,Up
-24.97521626,-3.339954381,0.049410511,-16.74603916,11.04982256,0.184935888,8.592616341,0.781921596,-0.500891004,24.42572501,6.178001011,1.947643657,-1.39223625,0.194782334,0.598608905,Up
-23.63711474,-5.233193014,4.132652033,-21.6324842,19.42015975,2.610863281,10.29083119,0.301208386,-0.876692821,25.51891056,7.211713559,5.033597588,-1.32818047,0.301034093,0.526306656,Up
-27.37819093,-3.253116753,1.131034055,-27.38908342,23.16207235,3.91625845,11.37232089,-0.216414807,-1.318996029,28.6111485,3.635399622,1.48537642,-1.195510841,0.112646237,0.236583543,Up
-32.4110198,-4.903941792,-0.404687424,-29.74057701,23.57704183,4.995887237,12.21091057,0.418561436,-0.771041842,35.22744225,6.698419421,0.173852034,-1.302755765,0.185130218,0.273285381,Up
-29.90670677,-7.458445161,1.121800227,-28.77369675,23.90302126,5.169718771,12.84582898,0.426743267,-0.590453215,36.14952313,9.607866835,2.477448753,-1.263761705,0.228756703,0.512184271,Up
-24.43491855,-7.846948237,3.904463632,-28.51959048,20.98367121,5.916267113,12.2167557,-0.079281562,-1.099204974,30.06393141,9.369654428,3.266357408,-1.227019287,0.302932451,0.544628765,Up
-26.74663881,-7.12430678,3.575625284,-26.14791308,19.4330731,5.779082773,11.06061538,0.291254576,-1.754781495,27.44747859,10.63979639,4.186959206,-1.170887906,0.435967194,0.581141761,Up
-26.41011443,-6.854972719,2.830996576,-21.25255168,19.64888543,4.760674512,10.04957202,-0.506718125,-0.572877716,26.36293112,10.04575574,2.530861923,-1.196456576,0.379991866,0.538537556,Up
-30.63863021,-5.760177698,3.594427133,-27.92002432,23.55564018,4.2679051,11.01669053,-1.82019452,-0.643760539,34.04616841,7.28712976,2.608908511,-1.097412898,0.091059192,0.345082473,Up
-34.20633459,-2.143047429,1.351682403,-30.77545212,23.66313255,3.655877274,12.44491314,-1.595487512,-0.311096329,37.70726953,4.274608866,1.800049993,-1.138867429,0.144613129,0.284541506,Up
-29.57202373,-2.551718809,-1.768275917,-26.83442332,23.33441156,2.551996026,11.15609886,-1.59839048,-0.803635625,31.53905238,3.508656768,-3.441595543,-1.343680072,0.198698914,0.25179813,Up
-26.94451761,-3.996956284,0.025496486,-28.65234979,22.72924929,3.744193589,10.45583314,-2.40937342,-0.459851773,30.16856971,6.104796196,-0.283423134,-1.395778207,0.233916437,0.206411033,Up
-27.4689191,-7.627035023,2.936516987,-28.0047968,22.79877687,2.429244148,11.80164988,-2.778897245,-0.758064701,30.76923897,9.103408026,1.853653038,-1.130424171,0.285690354,0.238058207,Up
-28.86222751,-7.676378032,2.151968584,-29.69171108,24.05533977,2.805096488,11.75649343,-2.349052207,-2.034891473,33.29214634,7.850945934,0.752225704,-0.806862703,0.086199468,-0.114847431,Up
-30.58102984,-5.373372035,-0.42812529,-30.66978322,22.4462599,2.86774568,10.74872693,-2.351092864,-1.575216271,35.95617898,6.490894173,1.93974676,-0.838744898,-0.025375809,-0.134389466,Up
-30.80215076,-0.639255747,1.03380706,-30.95398566,15.33184476,-0.49806289,11.00317758,-3.508528065,-0.18917602,34.98483114,2.970644463,4.091190389,-1.118070606,0.114662635,0.233849458,Up
-32.48939193,8.224339934,6.567706665,-37.27419025,-24.14117298,-4.785043058,11.50611479,-2.916886189,-1.705159748,35.18426876,-4.336487953,7.61338551,-1.233911312,0.418674478,0.53434137,Up
-30.897648,5.883314324,3.358333306,-32.54103781,-12.6248938,-1.32543025,11.73676793,-1.483105982,-1.537862866,33.9613401,-2.609219969,3.912863806,-1.049873686,0.542379913,0.5980562,Up
-32.48011783,-1.915607917,0.110792921,-29.2659508,8.631156454,2.344415693,11.84416635,-1.764983614,0.004052608,36.01665129,2.913380902,2.026830936,-1.178939864,0.544931252,0.509084294,Up
-33.78305545,-5.004492853,-0.68783469,-25.2766369,22.19013251,3.195897262,12.38415095,-1.529358057,0.498276398,36.5229489,5.633627992,0.404593956,-1.179389345,0.492067577,0.354391379,Up
-35.21328558,-1.823535226,0.905064114,-27.23221612,25.23831229,2.89279664,13.27660908,-0.536878525,0.189098546,35.89098138,-0.143646224,4.762052363,-0.914229687,0.3038447,0.363482092,Up
-34.98616048,-2.968801404,2.242095562,-29.98435223,23.45635872,2.746819505,12.63624372,0.122432498,-0.017512327,34.6880037,0.43688281,3.964316654,-1.035978666,0.255518832,0.224739072,Up
-33.9659454,-6.503595764,0.699239477,-30.1188487,23.58973689,2.248195722,11.77915888,-0.302528047,0.769622038,34.22466978,5.891264589,-2.348383455,-1.253449011,0.325832825,0.456076562,Up
-27.59795041,-5.779656911,1.76917741,-27.53642482,22.67058143,1.123142409,10.27704924,-1.456808388,-0.125538808,29.05194693,4.344504172,-1.579437894,-1.191809884,0.38057566,0.560739925,Up
-28.82442989,-4.208920201,-1.964670916,-28.2824982,24.66410632,-1.336210357,12.00128242,-0.644176081,0.313504489,31.9466887,1.934502452,-4.525547393,-1.334083487,0.405080165,0.500530762,Up
-29.55634012,-2.280877931,-6.706760664,-27.48459264,25.93481516,-1.371343088,11.7252312,-0.273970281,0.920947889,30.58728077,2.656992392,-8.395844611,-1.229065175,0.339151495,0.413879002,Up
-31.96189278,-4.555510232,-1.673888012,-28.61068233,26.78468052,4.145716311,11.68878962,-0.062793555,-0.497300351,31.12432552,7.017105496,-0.984274059,-1.225359295,0.385486881,0.524488799,Up
-35.13008262,-6.320120102,0.397878481,-30.38488911,27.23906559,4.526124658,11.56418924,0.076574082,-0.910875063,37.07169,7.276155492,0.541331946,-1.399221615,0.336494344,0.567347869,Up
-32.26544749,-3.04250601,-1.904218713,-29.73593836,25.92160713,2.026926415,11.47607404,-0.510942208,-0.840494897,34.95343176,2.756483245,-1.475934359,-1.400562217,0.380365303,0.267512035,Up
-30.82307074,-3.250257357,-0.930330073,-29.21394472,26.25712069,1.503501815,9.802057577,-0.870326896,-1.264036381,33.27104693,1.959074877,-2.104657887,-1.432069835,0.359203437,0.209029738,Up
-31.96414012,-6.353797347,3.552600058,-29.16463988,25.40190924,3.829387778,9.186657403,1.105192045,-2.127254712,35.42881088,6.770083214,2.805666802,-1.461987871,0.363493998,0.312707128,Up
-34.90516563,-6.060898547,3.442078405,-28.60462957,23.62577611,4.55349752,11.01944206,0.993577608,-0.875952465,36.84956922,7.997504582,2.690788139,-1.495778192,0.441184061,0.48011651,Up
-35.65099428,-6.205060953,1.561118802,-30.8191205,26.43574292,3.488782007,12.48497993,-0.679522262,-0.03089653,37.96699345,7.515804321,0.084682235,-1.235536575,0.449332418,0.459530354,Up
-31.95924303,-7.043871085,-0.246024737,-29.72243422,27.05560437,3.873382771,12.43405952,-0.941777444,-0.887540489,34.31994616,6.173735651,-2.380757154,-1.112881678,0.364787383,0.537620015,Up
-28.52952197,-4.46283949,-3.72502534,-25.97212517,25.63969209,1.559674578,11.5839574,-0.273085872,-0.083362632,31.51885705,2.265413285,-6.559198493,-1.157039756,0.189943749,0.258609454,Up
-29.49952929,-2.927096988,-3.396517961,-25.12078653,22.90392754,-0.963867999,10.9747025,0.179227021,0.57495783,30.61911807,-0.549521672,-6.173144559,-1.227477541,0.24332717,0.024087645,Up
-32.21594194,-3.465388069,-2.527892669,-25.08562976,22.30577514,-1.332771486,12.47242061,-0.586346911,0.120771712,31.6036242,2.788561586,-3.974765211,-1.316175159,0.343862696,0.055554016,Up
-32.82754797,-4.023069812,-2.4969639,-27.16562111,24.39092609,0.315283396,12.7300937,-0.709492603,-0.803663991,35.3144937,4.133999864,-2.288279224,-1.202125021,0.468084863,0.45494296,Up
-31.66254797,-2.751088599,-5.97397636,-29.12248443,24.32499537,-0.089064375,12.17186431,-0.014039752,-0.90992063,35.39460225,2.27361411,-6.713948139,-1.256003894,0.440265024,0.553460833,Up
-29.98465003,-3.742590024,-5.974017911,-28.48103459,25.05872177,0.823826365,10.86800566,-0.27598525,-0.912652394,31.77866119,4.023655178,-6.866538236,-1.176516932,-0.094822232,0.536987507,Up
-32.16068538,-6.200707698,0.019852741,-29.70872085,24.99909466,4.255173519,11.47889555,-0.760764412,-1.326015291,33.98498113,7.133848145,-0.026252655,-0.751694409,-0.514169734,0.72815081,Up
-35.48974322,-3.383096577,-1.703316614,-32.15089536,16.08331253,4.213922348,12.5867525,-0.998120555,-1.096241907,37.041646,4.142534751,-1.407649956,-0.592275985,0.090890082,0.718988435,Up
-34.51662113,-3.264852942,-0.520568957,-34.76550581,8.188826203,5.266765182,11.77260158,-0.864559997,-1.088981508,35.66289752,4.545443834,0.859681824,-0.683142374,0.059110754,0.689942734,Up
-32.20240347,-2.15284051,-3.19124555,-33.37980887,12.71933061,2.049163004,11.64712256,-0.839769217,-0.939496408,32.74579174,2.400899989,0.533105364,-0.38359371,-0.115418689,0.407554201,Up
-29.6630217,0.581558478,-3.668303623,-29.43457866,23.38744849,-2.642680378,9.88716968,0.129774471,-1.405316754,28.52381555,0.190144655,-0.031729335,-0.84507854,0.196313284,0.175275054,Up
-30.17236705,1.90316574,0.532621218,-28.01574396,24.69688901,-0.041890797,10.48104354,-2.604440986,-0.693178397,32.89121833,-1.516576778,0.645175566,-1.070456398,0.410205023,0.375054428,Up
-32.70247172,4.978618382,-0.086691995,-29.88895931,23.88745737,1.439107078,11.16258635,-2.621196787,2.184332192,35.85956828,-4.884414664,0.128664496,-1.012924614,0.212669928,0.474583224,Up
-28.87864929,1.649250559,-9.647157715,-28.59139684,23.44094905,-1.59146877,8.77476035,-3.697664772,5.527907902,33.07594445,-0.520301551,-6.87945451,-0.964773372,0.089938226,0.353824594,Up
-26.20305505,-0.537074021,-6.207969049,-28.68576034,24.40247558,1.627535424,9.449209741,-3.672863541,1.342812288,30.44108602,1.384562042,-3.937529052,-1.303196421,0.274719626,0.441026691,Up
-27.69534109,-0.920941195,-0.504817328,-28.99385501,26.99931823,3.295023839,11.00029505,-1.294870377,0.414887567,30.94938936,-0.465097654,-0.791917918,-1.318652948,0.367134958,0.45662335,Up
-27.07764358,-4.363855508,2.786062383,-26.94884268,26.49781966,4.727864605,12.00411568,-0.686470456,-0.072368865,30.46902129,5.328085858,1.755665168,-1.127143998,0.389258571,0.434891092,Up
-29.23245458,-4.168087625,1.414677932,-27.19086485,25.08951603,3.236019474,12.61183127,-1.642752038,-0.968948773,32.21867248,6.297788463,-0.779744478,-1.145745697,0.40367385,0.350074655,Up
-32.56829235,-2.200490217,1.819119589,-27.06428858,23.7399882,3.361843531,11.7311713,-0.237256114,-0.770936756,33.54621177,4.508355913,2.1114952,-1.251690641,0.422873239,0.431866169,Up
-33.7647223,-2.090181888,1.674049382,-26.98287595,22.11037451,3.045762945,11.54492329,-0.365240772,0.065108516,34.33662203,5.209680053,2.18415936,-0.945593239,0.433528186,0.379213065,Up
-35.86550993,-5.67863579,-0.292987144,-27.25763258,24.73144416,3.457940054,12.55227082,-0.685351319,0.204260646,36.82419801,6.09242689,-0.546408343,-0.980377919,0.504641418,0.527829189,Up
-32.74614995,-5.854135729,0.847036083,-28.04256632,24.57809251,3.855273426,12.8302591,-0.83269521,-0.238363722,35.98264265,6.782611516,-0.896317989,-1.132712504,0.430781239,0.527942518,Up
-25.68928909,-4.827426592,-0.075224152,-27.87490156,23.57835225,4.309599266,11.4499199,-1.726070315,0.090398383,31.68968898,4.520919424,-3.798182357,-1.235689366,0.326891615,0.349075676,Up
-26.63692951,-2.983608763,-0.987667679,-27.61115176,23.22383554,3.021530441,9.82186552,-1.598809736,0.630157163,31.49961675,4.351625614,-4.019886785,-1.151234049,0.420053946,0.226191632,Up
-32.84660139,-4.413363131,-2.020994853,-31.11956645,20.40226567,1.633366296,11.90483982,-0.560945923,-0.100957469,36.74596927,6.372866305,-1.750350588,-0.708696098,0.366387451,-0.172582812,Up
-32.45592252,-4.604674486,-3.400706184,-30.05012709,24.4034898,1.860135495,12.66329454,-0.228768151,0.101024093,35.3625126,4.348992342,-2.935208247,-1.0894054,0.326418068,0.197974841,Up
-31.03968296,-3.856741673,-2.509273392,-29.24173291,25.82088058,2.399978395,13.15870716,-0.15124747,-0.321654958,33.6449909,2.719619703,-4.155283731,-1.025567811,0.35685243,0.442917936,Up
-30.41469212,-3.828858201,-0.376529032,-27.32630173,24.73991091,2.649416091,12.61973848,0.328021247,-0.465832382,30.80341863,5.459862828,-2.076642501,-0.7822829,0.28972492,0.170808067,Up
-29.85635522,-4.671530811,1.610928863,-26.97468297,25.97244489,3.01698844,12.0319865,0.03425626,-0.191723245,32.61857476,6.81493899,-0.987724992,-0.921455196,0.173703662,0.145185574,Up
-30.07118062,-6.063924139,2.582850295,-26.01872177,25.26881182,3.723186277,11.39811124,-0.531461927,-0.038072848,33.29069198,7.454943083,0.004014206,-1.054873248,0.209783473,0.340189359,Up
-32.27411084,-6.691390877,-0.40835583,-29.12428746,25.38888319,3.628513675,12.29061999,-0.283567216,-0.318791611,35.83581579,7.129848596,-0.441594318,-1.326510467,0.426817399,0.538531971,Up
-34.10630702,-6.636521125,-0.180404806,-30.9434076,25.37381368,3.68248455,13.32635486,0.058737673,-0.358955076,36.00100496,7.216035798,-0.08006833,-1.403354988,0.481819344,0.514513159,Up
-34.14527691,-6.392078259,1.883573598,-31.39814716,24.6212803,3.808571559,13.36976788,-0.037901044,-0.644185705,35.79234135,6.383728479,1.805683451,-1.106791587,0.332428591,0.477550803,Up
-31.45601773,-4.371592303,1.312675726,-30.37635567,23.93429753,4.767431864,12.8766697,-0.634184064,-0.322122121,35.20302515,4.50868959,0.628971824,-0.814141051,0.351419155,0.681036048,Up
-31.17804683,1.734539306,-0.000998396,-30.34797269,22.61518331,2.69245077,11.87234262,-0.808570821,1.619136857,35.11107378,1.856721899,-5.374786915,-0.977764173,0.384304059,0.650862871,Up
-30.45033325,0.267695095,-1.72720264,-29.40239687,25.97733059,1.166190993,11.37752758,-0.324637193,0.159599546,34.24657587,4.335649114,-2.759311514,-1.267632471,0.336300486,0.420172258,Up
-26.78750056,-0.717765789,-10.52358192,-29.55349254,27.15146346,2.609788049,10.69156279,-0.082829968,0.033145473,31.24955122,2.707723719,-6.005451627,-1.253702896,0.248085984,0.427842544,Up
-24.99870529,0.837015331,-12.5595914,-28.92771323,25.33643218,2.15704177,11.92410622,-0.579758684,0.571761884,32.18125806,0.695530153,-8.699316615,-1.120949977,0.255061959,0.486580862,Up
-22.53303045,0.842691414,-12.5923484,-27.75151886,24.29972232,-0.080745685,12.33428552,-0.640875452,0.931687861,31.44421636,2.497286958,-8.019284022,-1.116075224,0.266353123,0.480994727,Up
-28.96043527,-0.02540354,-7.838978686,-28.27239501,24.35117734,-1.021691011,11.5456414,-0.782621994,1.255855025,33.93992511,1.67456582,-5.558238962,-1.270469186,0.244683173,0.363832315,Up
-25.73278957,1.052323403,2.198415251,-25.90042979,24.29659157,2.593691086,7.545337901,0.692373939,-0.824659048,27.2581267,-2.347083888,3.894098575,-1.282481478,0.214291352,0.197511066,Up
-3.916684652,-5.016268122,4.754970487,-9.589224095,22.92321197,5.989223472,2.554653716,0.917013406,-2.240727668,5.896837391,6.861041104,6.50612551,-1.1421259,0.266607438,0.126872127,Up
-6.2412809,-3.863063109,2.629140621,-10.4217123,23.42135209,4.413494617,-9.586863306,-30.749663,-10.89795593,6.337165479,7.72022084,4.508793355,0.501676361,0.478902265,0.481677464,Up
-5.255973534,-0.722551187,0.288208107,-12.24363332,23.76525657,0.09091577,-13.75772628,-37.36140045,-11.640868,4.530383767,3.086384301,0.301747524,1.322601288,0.691440728,0.663037901,Up
7.061038285,0.79373136,-11.29596236,-6.009807036,21.39045093,-5.546185191,0.829635555,-1.834242267,1.50443453,-10.95229093,-2.809912717,-14.74247778,-0.849820213,0.279286203,0.203752537,Up
-6.580632145,4.851297248,-22.13948019,-16.67030217,21.87678632,-11.0935126,7.838826015,-1.541506285,4.430766089,7.530721893,-7.012403032,-22.25480961,-1.048352999,0.246965675,0.392764341,Up
-13.64720449,-0.699724421,-9.042113348,-19.83000638,20.42245066,-3.215626503,8.191791612,-0.911524938,1.55826471,19.1965876,-1.226218154,-8.331572815,-1.169634093,0.259781995,0.08428505,Up
-7.126086604,-6.913211789,0.979317333,-10.42610454,14.05771137,1.497041828,5.604460262,0.496306725,0.399648747,12.52342874,6.301496913,0.343690583,-1.18993516,0.170727554,0.153605423,Up
1.023375676,-6.222785162,0.119104168,-0.445773375,13.51075312,2.867109474,0.686285694,-1.377212843,1.657941611,4.165767313,4.583584596,0.912546569,-1.051890418,0.052996479,0.053741747,Up
19.29085622,-8.984456228,4.713106793,13.18889855,15.26263724,6.170347968,-8.027347781,-2.127180901,-1.715523968,-13.99966142,8.098880585,5.588099439,-0.904653786,-0.013692973,-0.604436559,Up
21.71626069,-13.50186239,7.54895233,8.77766991,15.1800799,8.157349101,-6.219951416,3.749462456,-5.104170469,-15.86093277,14.98846483,8.10672501,-1.027154212,-0.015749305,-0.618490686,Up
10.14528359,-5.194397817,-6.563020377,1.662246086,18.48338368,0.536300419,3.388553112,1.371809649,-1.458674486,-3.322817027,6.95261747,-4.427156157,-1.079431543,0.133818567,-0.172925283,Up
-1.984253233,3.585630305,-18.48874436,-2.78114706,21.79904133,-8.491432556,3.125724657,-1.171697005,1.018808234,3.607822998,-2.341520709,-16.9577618,-1.023498115,-0.007311302,-0.125334206,Up
-12.31259657,12.95301771,-23.23020842,-15.5995886,20.35355057,-12.88482359,5.514403391,-3.613417238,1.845120784,14.10201561,-9.119166558,-16.81451279,-1.136547614,0.122519874,0.291749487,Up
1.987687454,6.069950967,-17.81084696,-10.60174506,17.03342441,-11.82603994,5.249100656,-2.931516555,1.340617637,1.377629928,-3.339804202,-12.63783213,-0.796888817,0.507536079,0.644369432,Up
31.1732556,-8.466174683,0.205288445,11.14657697,19.05823902,2.591224234,-3.014640304,1.178122662,-1.681997317,-29.55915388,10.62737351,2.481273101,-0.850651575,0.335687264,0.301992636,Up
68.72553872,-17.22138594,15.64773701,45.708726,14.36105822,12.98285371,-25.99305255,7.460886181,-9.204933878,-84.36275827,20.85561932,16.08938712,-0.365454562,-0.237083133,-1.114506449,Up
57.2489875,-4.871212313,-5.240222854,35.21978573,15.50498366,3.562922339,-20.91806069,7.043701001,-5.63348335,-66.18616734,10.38654822,-2.612166003,-0.798369168,-0.395123836,-1.3266575,Up
49.58056011,-0.040937356,-9.55616001,36.20470287,12.59612872,-5.305400133,-22.42014299,8.270550516,-1.765915246,-63.8066215,7.229482581,-8.678584705,-1.122645384,-0.296019591,-0.542132489,Up
8.701948954,4.147185253,-15.97851961,15.16757473,14.33631964,-12.68809174,-8.860668082,3.028582097,0.711894998,-21.06386564,-2.476557799,-15.32299101,-1.105070435,-0.01456596,0.008002991,Up
-15.56152157,2.646787193,-4.934383026,-8.601097745,19.81031727,-8.334349889,4.23848814,-1.665896912,0.3880537,9.859886373,-1.383213655,-5.702646213,-0.790920893,0.077658203,0.213442481,Up
-9.366961827,1.397509301,-4.456597188,-14.79484433,21.83895578,-6.353186807,6.023927953,-2.046212244,-0.195121092,9.003331418,-3.476051807,-5.250817213,-0.836119508,0.365035147,0.131950543,Up
8.072691323,9.137349787,-23.75166299,-1.284550844,20.27293414,-14.06472409,4.697346591,-2.397093201,1.500094433,-9.671207965,-12.74226617,-25.23808907,-1.169394673,0.416185697,0.359140257,Up
-15.9749129,4.963621591,-20.43769176,-16.42229182,21.8532746,-11.51297895,8.989199819,-1.532221406,3.403585759,16.93972628,-9.032278464,-22.18486455,-1.387723536,0.255933294,0.547418073,Up
-29.84343036,-1.690518925,-6.747447733,-24.48078268,22.74224754,-4.3536465,9.334966305,-1.019508475,2.342532542,31.17515034,-2.213251659,-8.207421141,-1.144925945,0.166629849,0.378367978,Up
-22.50296221,2.164554604,-17.81754927,-20.2015857,24.01735857,-9.207732034,6.633000695,-2.766249948,5.230575073,25.56199728,-6.158926374,-20.02088535,-0.264339619,0.272383041,-0.017675983,Up
-20.9588671,10.71656796,-32.67170702,-21.73815823,23.97263941,-12.7192136,6.891045745,-4.463387429,5.219725326,23.5869546,-11.76099709,-28.67835961,-0.574585966,0.387089998,0.022154125,Up
0.183522512,99.06889017,18.93586912,-22.64814029,-58.90711539,-17.81067322,-48.6684409,-91.41649609,2.39364403,5.795416312,-101.3489753,29.69922852,99.15425844,2.594637915,0.091070076,Down
-31.97856297,3.185698615,1.614538408,-25.38573936,26.288842,4.827474721,12.69264839,0.408006486,-1.46183239,34.70986965,-6.340758623,4.602875783,-1.233404583,0.396663761,0.362214593,Down
-35.82938057,1.952883653,5.733635609,-29.38286844,26.98467735,4.835376176,12.25835253,-1.665106861,-1.909578139,37.63490139,-4.545742375,9.390404225,-1.19682376,0.307459007,0.144344781,Down
-33.88981962,-0.598493488,3.54583693,-29.66446843,26.22992377,4.030488656,10.99496962,-2.053278365,-0.39275935,36.1777546,-1.351065228,5.17545068,-0.984425097,0.040988803,-0.299699367,Down
-27.84803399,-2.941811719,1.042649096,-25.82029215,24.9556571,4.753222335,10.54447356,-1.092078817,-0.612459864,31.04998604,2.966968594,-0.635209502,-1.072126478,0.175142392,-0.057752417,Down
-22.56007099,-3.475170271,-1.833049024,-22.66139511,25.38609118,3.587541085,8.616635685,-1.159912507,-0.704742715,24.89630479,4.605325343,-3.190630887,-0.958665329,0.19316821,0.084708857,Down
-28.69026764,-2.809968201,-4.249031192,-25.95793498,25.52962353,-0.870421166,9.822969156,-0.033263806,-0.808849268,29.17196877,1.037289611,-8.442293945,-0.865937575,0.175268676,0.004901655,Down
-34.25113556,-2.513129506,-2.301369679,-29.62940561,25.42460463,-1.895957445,11.11559186,-1.768083697,-0.051534983,33.88649226,-0.214881099,-6.211441689,-0.671922071,0.406986234,0.345294631,Down
-33.20542221,-4.215558389,1.700895058,-27.96190297,27.04970869,1.89679421,12.18016302,-0.660317596,-0.440068894,33.38074682,2.646065043,1.375009956,-1.147996713,0.395348888,0.545443025,Down
-31.98979982,-3.132350277,-2.50375129,-27.48809476,27.18440247,0.160578612,11.71198431,-0.043153908,-0.066029156,33.30488121,2.086125283,-1.674663969,-1.455210433,0.344772295,0.379034537,Down
-30.90555572,-1.81487222,-3.882136371,-26.50122292,26.48515162,-0.531257128,10.22713984,-0.81456331,1.178713739,32.75452185,1.669592924,-3.238352107,-1.306220671,0.395874487,0.313346429,Down
-26.34442074,-1.523628472,-1.455251421,-22.9237083,25.68414927,0.865776268,8.705456526,-1.052388656,-0.484398827,29.35116172,3.492180997,-0.919398015,-1.219751731,0.340929157,0.263028594,Down
-28.57671546,-5.31232495,2.892242371,-23.27103604,26.59810089,3.43572336,7.991812924,-0.64466395,-2.518735488,30.6114115,7.286332633,2.38673765,-1.377243168,0.341056229,0.364771647,Down
-32.70897232,-6.210531997,2.938309327,-27.48250755,27.02433694,3.497333452,10.16439332,-0.020146341,-0.93510038,33.69256561,6.24306143,2.942511875,-1.035882112,0.457577478,0.458006023,Down
-34.27647847,-6.872169585,3.113906476,-30.14042651,28.19435384,3.634815498,12.16219634,-0.36540592,-0.365615146,37.00879276,7.054777039,1.799567401,-0.919819008,0.46637322,0.361684371,Down
-31.90377669,-3.841231275,1.653592535,-26.90399379,27.70398148,2.850707922,10.73379836,0.664534749,-0.490163658,33.8667543,3.961965774,0.135300084,-1.093640346,0.433236651,0.244019519,Down
-30.20921556,-2.658613724,3.359740935,-23.96810528,26.27205459,3.418968994,8.650512377,1.005467639,-1.065648575,30.87329207,3.365587555,3.973002327,-1.291257465,0.385550087,0.090072867,Down
-31.97681509,-3.180628243,1.492240442,-26.63014592,26.16368933,0.012871153,11.16933755,0.625206351,-0.450468884,32.92626471,5.477774692,0.232725422,-1.4560382,0.451017972,0.361407566,Down
-26.51910949,-2.411905619,-3.700965074,-21.91207313,24.66058424,-3.792092778,11.32435672,0.265740715,0.599010577,27.38057745,1.199605504,-5.843776935,-1.233835437,0.527298421,0.566812636,Down
-24.61362244,-3.546231407,0.451559115,-18.9352645,24.50625425,1.539472861,10.38117949,0.167381546,-0.232410165,25.66236271,2.357364626,0.334914737,-1.344114535,0.42063336,0.563433751,Down
-32.32109302,-2.940985402,-1.919850382,-26.77442503,26.18379886,0.401605657,12.14899506,0.236860855,0.435721164,34.60789265,3.475561225,0.220116501,-1.241458677,0.333999504,0.549663571,Down
-31.46755214,-3.457525527,-0.475409966,-25.08190668,24.10011309,1.191761728,11.12081908,1.126014796,-0.363759872,34.40734477,3.761792915,0.412968105,-1.11464512,0.380550372,0.468393964,Down
-30.32251922,-4.596030181,-0.296086788,-26.94787757,25.93125059,2.134365572,12.18538091,1.019877961,-0.889275834,34.96286307,3.846721119,-0.086225049,-1.309683417,0.287176049,0.448313745,Down
-23.21896598,-4.805061624,-2.422788427,-24.12594707,26.6513833,2.178922365,11.70062132,1.205302336,-1.321871767,27.80439613,5.671614601,-2.296823576,-1.437927129,0.27712761,0.351309294,Down
-21.75750455,-2.03617598,-6.410764077,-23.44875814,25.1796074,0.400325537,11.61150749,0.511027218,-1.512230419,26.84415285,2.525900872,-5.675241553,-1.321429414,0.246262677,0.152073299,Down
-24.42085224,-1.699868034,-6.255118799,-23.07911187,24.86191962,2.370527724,10.36964445,-0.941209537,-0.947746886,27.11541418,2.290879384,-5.044579466,-0.96457208,0.211805554,0.29680388,Down
-23.08075698,-3.957302719,-2.397981489,-17.88630817,23.59297133,1.0432595,8.450596089,0.650527087,0.737791881,23.95164234,5.723321502,-1.780747625,-0.964557545,0.221205936,0.259475337,Down
-23.33796827,-1.47639777,-3.826837205,-17.00061699,23.33258933,-0.511729826,10.04842813,0.803947208,-0.108453555,23.07407651,1.600563818,-3.248163187,-0.953242178,0.201684203,0.26639447,Down
0.107443718,-5.745533239,6.227411014,11.72628067,19.04181418,3.797265221,2.191132519,1.143412898,-3.446941469,0.762346324,5.651060229,5.013348601,-0.928074023,-0.04178794,-0.216521262,Down
20.3744156,4.621173785,-5.812273201,12.99018313,16.66604721,-0.167720925,-3.103532129,-1.168647239,-0.478770018,-9.153403995,-2.428462409,0.35244438,-0.883675282,-0.050019181,-0.180975552,Down
22.39154852,10.46499737,-15.70255369,0.004754617,18.77475113,-1.000617147,-7.077885602,-3.056206265,4.929908877,-8.802469184,-6.690341862,-9.02022521,-0.685867863,0.06267567,0.118950691,Down
-9.641278147,-2.976947451,-2.817352953,-15.77548697,23.1894609,3.164788201,4.64455495,-0.548736309,3.236330532,17.23429484,4.90743902,-2.846800398,-1.063396202,0.24306227,0.386476009,Down
-25.62758165,-5.51875055,-1.833309317,-21.6363673,26.09344428,3.25226027,10.51154434,-1.404659174,2.226799525,29.09954706,7.099477082,-1.042470641,-0.984872079,0.518255176,0.419105021,Down
-18.43942306,0.307156741,-13.74021153,-11.88871057,23.23331928,-5.169210722,6.06953094,-1.741331825,4.303079936,16.9559243,-0.739307869,-13.61610209,-0.960184069,0.346591273,0.271505339,Down
-17.01419045,1.111285992,-17.01440777,-11.66202297,21.98574261,-11.25947976,8.096036039,-0.796261672,3.722380824,13.26811396,-3.801759051,-20.67012589,-1.055767041,0.239979451,0.385708168,Down
-22.0991387,-2.768707174,-7.139728271,-17.49412976,23.6413652,-5.330033828,10.63452243,0.27549363,0.572524188,18.560118,2.149360674,-9.334673498,-1.004547445,0.19274138,0.321802893,Down
-26.63556877,-5.328805205,0.874277952,-23.49494271,25.31318363,0.948800539,10.93467101,0.18687887,-0.978561621,25.00677406,7.017766294,0.957017542,-0.959475491,0.299132703,0.079530447,Down
-31.78420408,0.876036284,-0.336332755,-27.90347718,25.00634807,-2.232221227,10.9567272,-1.12840964,0.376814643,34.01198111,1.938288532,-0.538317776,-0.952633085,0.400008202,0.413545511,Down
-32.24072794,-1.20451903,-2.373277565,-27.18182337,25.1452852,-7.453160032,10.74710621,-1.59918842,1.004645335,34.37996036,1.105741514,-3.265942397,-1.169569074,0.370184535,0.528769598,Down
-29.86075974,-3.360592093,-1.962776423,-21.94010998,24.22730739,-5.222665994,9.850069831,-1.428218823,1.299387143,30.82049732,3.833157105,-4.257839789,-1.127225182,0.304874631,0.537441774,Down
-18.1591328,-3.046232759,-3.191266543,-13.73052439,17.93824795,-14.11456211,7.969067106,-1.157336411,2.478103475,18.43086456,4.369881971,-5.20075929,-1.193963189,0.358708043,0.428447031,Down
-11.00030149,-3.552445043,-4.691036177,-12.54417466,16.12098145,-20.53228662,7.056476611,0.773116207,0.779846888,11.05757119,4.443948331,-5.371375671,-1.123702367,0.436144147,0.444992864,Down
-17.17776333,-3.498734421,-1.061148567,-12.1017611,14.78007898,-4.412335233,9.289627751,0.565955423,1.044708141,20.66564469,2.318436591,-3.279346959,-1.044284537,0.474917014,0.38474035,Down
-1.380335098,-3.884747175,2.689966532,-3.001403693,4.732408164,-4.214962644,5.511855724,1.536354584,-0.252057227,4.83318266,3.577038764,1.501098131,-1.162669072,0.099950526,0.03950999,Down
-8.937427535,-1.904191116,4.511463767,-8.179522621,13.95822757,-0.208754249,3.696580049,1.122689978,-0.758713483,8.6708092,5.03226203,3.837061965,-0.621653105,0.007692032,0.163517538,Down
-27.84104153,0.167913919,2.27744588,-26.65290347,23.31561851,-0.060000584,10.46080199,-1.03803103,1.878988411,32.32939278,2.312367519,-0.101995844,-0.564154612,0.438028067,0.540172478,Down
-31.54455728,-3.842572843,-1.16062126,-27.4397646,25.99512405,1.124811335,12.48932848,-0.738365917,1.323274965,34.67254274,4.397355938,-2.530893765,-1.036352026,0.40553649,0.528138647,Down
-26.70533359,-3.699934302,-3.997548005,-26.180027,25.42419373,4.721474046,11.12781867,-0.42523303,1.5953974,25.47871565,4.630539586,-2.9208778,-1.30544936,0.257934755,0.52274437,Down
-19.54034257,0.901719025,-10.99017694,-27.02274854,25.61477155,1.316253027,9.615740738,-0.225003746,3.170792899,21.59275051,-2.948976754,-12.56544109,-1.18722591,0.351174526,0.451746001,Down
-21.41940867,5.964848668,-20.33114614,-23.67887989,24.81883677,-11.50767575,4.340662841,-0.399258728,8.11540768,27.18851606,-8.308334845,-22.7520981,-0.892485886,0.217452833,0.098650127,Down
-23.28562104,-0.964745943,-8.658392416,-20.26153989,23.38032569,-13.10086588,3.540195242,0.589669348,4.36123328,28.23071598,-0.118108605,-10.79457132,-0.788865323,0.126338464,-0.037386565,Down
-24.13475884,0.255832926,-8.024481237,-21.83238433,22.09216976,-10.008817,10.7136249,0.216803899,1.382024426,27.62533785,-1.888843009,-9.503065735,-1.15132977,0.145522069,0.105038617,Down
-26.06066322,-1.740049574,-3.125176534,-24.47320907,18.63287025,-3.773090248,11.18995988,0.652239899,-0.891183055,29.1865205,0.271385474,-4.977091799,-0.973847081,0.307241412,0.228718846,Down
-19.26853425,-3.228923968,2.623507425,-21.87031947,12.19523185,-5.145770524,6.301703537,0.089307747,-1.267666799,18.63138292,0.578903766,-0.06788808,-0.771381342,0.299287583,0.070248517,Down
-25.38694364,-4.447249088,0.678998907,-26.70113062,23.27908621,-2.325667746,8.830436368,-1.511880356,1.041308507,26.55555154,3.491459381,-2.278219338,-1.06713376,0.511632344,0.396368401,Down
-28.11408191,-1.887162021,-1.10301581,-24.81785951,25.66276715,-0.123753527,9.258879608,-1.29214295,2.105569849,30.56827015,3.048405904,-3.310501386,-1.015115602,0.358910753,0.256990267,Down
-24.6721433,-1.058672393,-2.649605981,-18.23122717,20.65073108,-0.915204299,7.842804437,1.49250937,0.029212788,27.99063773,1.067119995,-1.803072688,-1.208682597,0.132884847,-0.009569367,Down
-24.17322762,-0.904726533,-2.500021635,-18.82037719,15.577615,-7.301840276,9.750679651,-1.245396526,2.318428389,27.42021637,0.994434633,-2.766622284,-0.980016715,0.272330086,0.264341939,Down
-24.96427436,-0.372832121,-4.648183008,-18.0159046,20.31193782,-11.63079876,10.8106586,-2.252157831,2.148734846,25.31540555,0.470814028,-6.633885895,-0.91542903,0.338347871,0.235595709,Down
-18.49169845,-1.70922076,-7.619656549,-12.49103415,22.40060221,-6.677302015,9.757211986,0.296232619,0.330413821,15.54588026,3.185395608,-8.115873539,-0.888616282,0.236135334,0.088191935,Down
-12.90377127,-3.49781771,-3.085422171,-10.10919729,22.95618147,-1.772734713,8.666881775,0.743848198,0.680703459,9.550495208,4.256828916,-3.441105675,-0.980322049,0.178856163,0.264376097,Down
-23.38634174,-3.542537889,-0.949318556,-23.4970032,24.87480439,-0.275661143,11.57335504,0.38106265,1.016719884,27.05593546,2.033550698,-1.259000868,-1.10246831,0.325231056,0.277250133,Down
-21.45775427,-3.735726881,-4.655241766,-24.18028972,26.03056023,2.530099005,11.67364784,0.709838632,0.83457329,31.32090595,1.919154858,-2.881325407,-1.330512225,0.253848904,0.130966196,Down
-27.5261715,-3.439551498,-2.186291626,-24.17344603,26.23419634,4.125293698,11.13941844,-0.099574195,0.544757735,34.97459819,4.420465535,-0.436086794,-1.308655192,0.334461036,0.445267507,Down
-30.31679447,-2.908889979,-3.940075939,-26.86599035,24.29030674,1.859173159,10.08102941,-1.49211413,1.841786327,34.92318964,4.722472933,-2.475642437,-1.155342849,0.357378501,0.246418875,Down
-29.34725245,3.60056359,-5.355326147,-30.62478287,24.13395076,1.361154193,10.31581594,-1.737025059,1.470072783,34.97299116,-0.300808059,1.33086534,-1.083834828,0.35120673,0.034865915,Down
-22.25901013,20.37886701,-2.119710178,-30.43138112,25.93457358,2.307007107,6.112561507,-6.217461228,3.689603136,34.81592979,-19.51653624,16.03606865,-0.785798395,0.193931476,-0.012891005,Down
-25.63770524,5.91830906,1.923520472,-29.33247354,27.58886098,4.653766062,7.610452994,-8.278310468,-0.171749325,34.94738503,-7.876859505,11.42028424,-0.9051717,0.205619847,0.453745709,Down
-22.65481163,-5.616220315,-1.305637852,-28.26706349,27.35829277,4.191072515,10.41117864,-6.409819689,0.15000495,33.23768257,3.629494007,2.22360999,-0.847257432,0.194318633,0.555345572,Down
-25.26133338,-5.535154049,-0.098686102,-23.63573315,24.38973189,2.202873736,7.526235855,-7.786312814,2.860523215,31.08702389,4.257560147,-0.458738109,-0.916904424,0.241121759,0.578942736,Down
-27.430409,-4.702499841,-1.811554091,-21.74031648,24.61201471,2.158299698,8.679194852,-6.069891911,-0.540378412,27.55834772,5.397970914,-4.609089072,-0.906082027,0.231519485,0.451368758,Down
-32.30758435,-4.149884458,-1.502318807,-25.73804285,25.54482761,0.976060731,12.21379956,-2.035395016,0.905808121,31.5511129,3.721409869,-5.550464523,-0.985924884,0.215166816,0.169553647,Down
-30.23464486,-2.247277367,-3.859678664,-27.48235722,24.14491549,-1.422835532,10.84900487,-1.001567139,2.726956462,33.58397495,0.02269848,-6.623120148,-1.06982902,0.218265917,0.058815022,Down
-31.27991001,-5.05802027,-2.244640449,-28.24474642,26.03021645,1.429666236,9.578377881,-1.67332045,-0.127586083,35.46963236,3.498302609,-4.597445039,-1.250030977,0.234691672,0.321649011,Down
-30.8924299,-3.163614509,-1.068938384,-26.90017194,25.95820048,1.110956856,9.744080374,-4.396229261,-1.041435661,33.84880417,1.345532407,-2.74679186,-1.110931105,0.248385171,0.406964102,Down
-33.02620602,-2.160179912,-0.354294846,-28.63697996,24.21957266,2.980204386,10.94704,-2.070766315,-0.634091239,34.72911571,1.219193266,0.440194745,-1.057365646,0.236069544,0.164869688,Down
-34.9148486,-6.154348909,1.808979932,-29.8995906,26.23897498,4.309576066,11.04675455,-1.98144292,0.723429379,36.85157548,5.422893259,2.922134745,-1.204159937,0.264490028,0.147803308,Down
-30.85606014,-3.892438735,0.564483293,-28.44942707,25.79823528,2.217092618,10.74203163,-2.34998953,1.787134708,32.90875933,4.026086835,-0.25882653,-1.030211559,0.387174294,0.403216145,Down
-26.00340657,1.254471893,1.276231477,-28.64817833,26.37386646,2.059681664,11.19851423,-2.105870708,0.334778313,31.06434784,-1.285476445,0.456853224,-0.746712999,0.399202396,0.370318649,Down
-24.28309077,8.531247496,7.296127692,-27.48718811,26.11450119,2.817331668,7.583528725,-7.960446082,-1.52576086,30.87917056,-5.253001358,5.226209995,-0.085388124,0.366957465,0.180648741,Down
-22.69727978,5.91528932,6.403798947,-25.13364291,24.80767186,3.362860478,2.980407938,-17.06044228,-2.933279057,28.18000049,-0.969964719,3.303144286,0.760799201,0.547787303,0.263940272,Down
-24.1165963,-1.537482168,4.141218858,-28.19077367,26.16585962,2.115680224,6.915248476,-10.31791431,-0.4011688,30.58806621,1.266244674,-3.032211919,-0.022544524,0.620861791,0.654054978,Down
-23.69738776,-0.303372113,-3.437444661,-30.83317009,27.02016875,0.593238628,8.202087375,-2.658254276,0.282504792,34.85263244,0.880372439,-4.943816843,-0.877251139,0.420599625,0.480576463,Down
-14.74599477,2.636237616,-11.35800389,-25.4657464,25.41369378,-4.601051691,9.483191383,-3.848831936,-0.763019976,29.2488312,-0.492596277,-7.816564333,-1.032679478,0.268676264,0.369881222,Down
-22.33828464,-0.211665761,-8.106814286,-24.63812745,25.35803163,-2.356140532,10.39406479,-2.16201853,-1.067271375,29.86729686,1.107170829,-6.878783441,-1.027640213,0.199642833,0.407746757,Down
-29.4415786,-2.320750496,-1.577824107,-28.97220649,27.26437833,2.432342846,9.702860186,-0.987183483,-0.743409209,33.74159623,3.377488372,-1.908138928,-0.917191735,0.026824044,0.156839241,Down
-29.16530538,-5.578341999,0.376955925,-28.52527767,27.02790349,3.440864208,9.212313863,-0.016876407,0.940483138,34.07638712,5.933032893,0.297484288,-1.153625515,0.190532398,0.236739222,Down
-29.39120754,-5.004839736,-1.184757003,-27.64816676,26.95439964,1.848518152,8.266344904,0.739729935,1.633072168,32.77206469,5.515632075,0.543790458,-1.254295337,0.204092962,0.040333189,Down
-27.04031985,-3.432841002,0.249851178,-24.71301001,26.66388501,1.745159115,7.970863137,1.175970764,0.48977637,30.42550468,3.374756376,1.078507733,-1.258201714,0.237339039,-0.013638128,Down
-27.0241467,2.365969815,7.216521789,-25.16910646,26.28360003,4.15689663,10.57425229,1.092983119,-0.728622687,31.33280662,-5.773362999,11.21297718,-1.236146244,0.244757234,0.423021315,Down
-24.16771618,1.359411579,6.752310299,-25.49564585,25.04124674,3.086719581,11.75818711,0.252354008,-1.127950795,30.68107046,-6.169493459,8.00598019,-1.26684656,0.143461275,0.395033725,Down
-20.85970529,3.615542899,-0.740647549,-28.15923003,26.59630598,3.0448456,11.32899991,-0.0425942,-0.415515733,31.01772301,-9.004709019,0.310985257,-1.06298896,-0.035152487,0.110815613,Down
-26.44078682,4.128884239,0.757427179,-30.14118613,27.56819285,4.767504974,11.61488765,0.575799904,-0.165493006,34.72396724,-6.271785728,4.329410337,-1.016408679,0.051792059,0.212367561,Down
-31.56444237,-3.701160311,-1.270179231,-30.10840379,27.53473827,1.800846427,12.64575465,-0.025879311,0.885108719,35.81487763,4.785512357,-1.786116781,-0.798451361,0.307953255,0.415856114,Down
-29.82324888,-3.118684087,-2.98279786,-28.04964536,26.43390358,-1.302707159,9.918592634,-1.202659936,1.295974835,30.72931556,2.009798528,-3.637782953,-0.743691169,0.295611917,0.531517665,Down
-30.09783715,0.865022678,-7.242642453,-27.94353757,25.13176274,-1.80485422,8.852208496,-1.790097573,1.782863787,30.76474387,-5.305445906,-8.820575742,-0.985320862,0.336722275,0.353618745,Down
-23.57635215,12.45272404,-7.832867815,-22.3217098,24.47818526,-6.243042031,8.500124923,-1.551414579,4.540203346,24.16388562,-17.61292939,-12.0765897,-1.047288068,0.356785961,0.233173189,Down
-19.31584907,18.37412777,-0.618067551,-18.79891729,24.78524265,-5.301590179,6.826715799,-0.905723656,3.8957413,16.65519321,-25.0226263,-4.518396218,-1.245228035,0.273653718,0.331009194,Down
-26.68538527,25.40503189,12.64310621,-25.61469065,24.89316584,0.531216782,10.50776767,-1.091956308,-0.245239904,24.37140857,-33.01166653,14.66833095,-1.229270453,0.354662744,0.558549998,Down
-25.04399399,32.81290453,18.6124195,-26.99232146,26.25695154,-0.131241661,11.36559686,-0.406209152,0.5163306,26.31830796,-49.86224709,28.48132433,-1.167790897,0.343391653,0.335587476,Down
-28.41735101,8.535957857,7.545507298,-25.34651007,25.27271036,-0.967432508,10.70642819,0.56547632,1.869350201,29.09455688,-14.94989489,10.35382853,-1.033937667,0.303347953,0.083027665,Down
-31.31723495,-0.910215745,-0.460751668,-27.30960767,25.52443842,-0.368852202,11.24102357,0.365100681,2.557054583,33.43318683,4.011921335,-1.766987536,-1.129189673,0.45375029,0.332447602,Down
-22.73211434,17.63974841,8.513794829,-27.11599788,26.33790816,0.8825476,11.19868471,0.843044861,1.088242666,31.89761419,-0.210812349,-3.794376972,-1.370747802,0.376625357,0.420683654,Down
-21.74753378,11.04135902,4.450021262,-25.90818107,26.90328819,0.437745166,11.98386648,0.688028304,0.214431803,32.50174124,1.166705044,-2.863491408,-1.269642606,0.311064809,0.39739081,Down
-29.48790828,-0.91252846,-3.273461673,-27.80538465,26.66795802,1.475657419,13.24042036,-0.095771386,0.656972641,36.10179423,3.074356112,-0.770526479,-1.069585948,0.286220993,0.192254148,Down
-31.82638445,0.082864864,-2.151740881,-29.78611427,26.49757941,1.33738526,12.56585156,-0.727299045,0.096651359,37.03499184,0.657514724,-0.52925272,-0.988350805,0.310935567,0.21432729,Down
-33.28502954,3.40757983,-0.263673728,-31.14786829,26.74054919,2.24108676,11.97139879,-1.509255333,0.488580069,38.02196244,0.417616139,0.895890003,-1.080019909,0.419197489,0.4487428,Down
-29.84257574,-3.822573594,0.881079741,-28.83550968,26.19500957,1.809272166,11.88239554,-0.679588208,0.50569697,35.42644128,6.257850695,-0.011479078,-1.311603385,0.451291189,0.446216178,Down
-27.55526547,-7.362254578,2.028994867,-22.4516754,25.37047028,1.659493951,10.90351132,0.058915103,-0.809521958,30.44233109,7.830150213,-0.285368732,-1.229733869,0.343540318,0.390932399,Down
-28.54491099,-6.238479744,0.155687722,-22.96179685,26.91213397,3.666185044,11.05977365,-0.979034515,0.127094787,29.15701645,7.122968704,-0.777445961,-1.219366655,0.260590902,0.436839203,Down
-30.00152283,0.034036872,-0.253755765,-25.87858211,27.19228647,3.399445432,10.46089076,-0.084161767,1.319799001,30.07088532,2.98794086,-1.354865541,-1.137585076,0.377788875,0.646594589,Down
-29.22847578,3.130516129,3.105296702,-27.39020952,27.07982478,2.907185936,11.83558927,0.194335757,-0.911571733,32.84699678,1.686649526,1.520104891,-0.832665398,0.344985568,0.650277685,Down
-34.14420573,-3.273837828,1.512080922,-30.40228357,27.5341652,3.6326139,11.80183435,-1.666493155,-1.648332108,37.95730308,4.242421532,1.04992994,-0.940476292,0.404135365,0.636096762,Down
-30.84943076,-3.638655311,-0.549490573,-28.88991759,26.60946771,2.96938401,10.28581067,-1.608275803,-1.536780859,35.52926414,2.615443125,-1.856709649,-0.768144357,0.311543758,0.412015643,Down
-5.810937115,89.19441391,22.52944589,-19.78409326,-73.21683643,-20.93477748,-61.44517148,-90.15065219,6.498361433,0.191260655,-93.34690598,32.31721266,99.69694318,4.835149512,1.10816999,Left
-33.41315304,-4.032764039,3.51199122,-23.57229168,8.983406994,0.771451083,11.70120543,-1.023296684,-0.97378898,34.97439537,4.322203825,3.649829446,-1.193485367,0.426465646,0.509986714,Left
-32.85837814,-5.004783885,3.545338143,-28.28009979,18.97801811,1.353757469,12.64915794,-0.326687287,-0.603485564,34.25853887,5.203701219,3.213194046,-1.367639778,0.459918703,0.544702232,Left
-34.224097,1.05278047,-0.830975423,-29.28469902,14.89959279,-0.642136578,12.69910308,-0.307867482,-0.036563484,35.55723124,-2.179960763,-2.254623703,-1.373594099,0.30978919,0.484164387,Left
-31.01751698,8.892671662,-6.059232754,-33.1103404,11.38537923,2.758905254,13.31200697,0.356537799,-0.393942062,32.46550765,-13.1697919,-5.532425633,-1.250212889,0.227010657,0.149664762,Left
-32.2954848,-2.030132288,-1.527481982,-32.87995764,11.92621735,4.2414466,13.28009862,0.404539411,-0.73207658,34.80239714,0.522761635,-0.542391999,-1.242852996,0.389487394,0.310511209,Left
-33.90850519,-6.207180358,1.903185301,-30.97065363,6.717486852,0.007731946,12.94727379,0.4548207,-1.373836104,35.938458,5.849858675,2.772751384,-1.332105975,0.515761096,0.577313665,Left
-34.91582754,-6.429580076,3.429979163,-30.66708049,8.212749806,1.460731612,12.91946964,-0.47771654,-0.410794078,37.59473145,8.016382291,3.047465251,-1.380554581,0.508196717,0.519433673,Left
-34.28743147,-3.06483378,3.251666204,-33.17922944,0.377496867,5.113948441,12.91846283,-1.430159488,0.024878197,37.50523587,4.306759792,3.955528377,-1.121502378,0.432333152,0.592860354,Left
-34.51224387,2.091179474,4.124977377,-33.38842628,3.951789015,2.834227954,10.96387186,0.319784053,-1.370114713,37.11559303,-4.805783505,9.012584073,-1.086377892,0.495044276,0.56189241,Left
-35.2825986,-2.873296805,3.049382458,-32.22968525,12.42308658,2.261383604,11.75775264,0.513693281,-1.683452975,36.33816129,2.352243488,6.149457684,-1.143982557,0.558049356,0.437632584,Left
-35.22675212,0.348344907,2.790661412,-34.7064774,5.772609014,5.647725501,12.63323821,-0.532825033,-1.620542466,35.70437622,0.672350213,4.156270517,-1.295354886,0.491899151,0.307768941,Left
-34.29459787,6.167478272,7.533800865,-36.58710619,-8.35699821,3.806993853,12.27358763,-2.463219703,-2.012426167,35.91531761,-6.013940963,8.870708404,-1.253549882,0.284849032,0.150408035,Left
-34.49684856,10.00208497,10.92808589,-39.29092116,-39.34073463,-5.597589717,13.22477006,-2.126853726,-1.376947257,36.79975233,-9.970603736,13.67713415,-0.813163988,0.389733688,0.557479582,Left
-35.79671256,5.678793681,5.579090609,-32.06961341,-0.624723661,0.694590137,13.69789064,0.084058027,-1.271218716,37.95025776,-4.04419232,7.799635748,-1.01694289,0.462276927,0.682256347,Left
-34.63420319,4.809697977,9.482355868,-32.12204443,-7.458097807,2.560284452,13.44069539,0.824313476,-1.639988693,36.12802786,-4.407333665,11.28636952,-1.215848105,0.423305094,0.612039805,Left
-32.59015445,-5.653806315,5.968475124,-38.99815269,-53.03312849,-4.22605865,13.28880432,0.145403135,-1.793130079,32.81826048,6.60485964,5.036040083,-1.046288629,0.361290962,0.463854285,Left
-34.23456805,-7.256376824,3.009765435,-33.33109982,-27.09946736,-6.466856979,12.15487791,-0.455345933,-1.598551178,35.75444801,7.529952784,2.392921897,-1.197507382,0.333275029,0.274069282,Left
-35.93479565,2.347050456,4.888786194,-36.1544362,-42.56399712,-11.45302573,11.3859304,0.555860705,-0.766750929,37.87078353,-5.613840114,8.376938036,-1.180553887,0.304132259,0.325564121,Left
-33.29984984,12.50989859,7.157502967,-43.64871736,-68.66234395,-5.875561604,10.23155996,-0.007003654,0.287450116,35.53383284,-16.54730645,10.21398291,-1.014567697,0.405065782,0.293670834,Left
-31.91473951,6.118212048,4.61907734,-40.74011824,-31.66372902,0.574757099,11.99419669,-1.298098593,-0.270164548,32.64469272,-8.731281041,5.601632821,-1.098059799,0.407211815,0.403871925,Left
-33.55877033,-0.397082696,0.846390972,-36.99947899,-17.31813135,-0.46069256,11.89749482,0.100453349,-0.662084184,34.38314655,-0.809393232,2.815603867,-1.249545999,0.332116895,0.544196469,Left
-33.12194201,-5.338996478,-0.287485908,-34.89651921,-8.044242587,-4.738522202,12.77669208,-0.765558124,-0.450992261,34.85171317,4.843067244,0.440975125,-1.189259464,0.290726909,0.555542459,Left
-34.16679127,-5.712261323,0.187147478,-32.37148041,14.12410625,0.280951183,13.61771107,-0.229913178,-0.413313622,37.44583281,4.597907849,1.458380761,-0.899147767,0.442541047,0.489208563,Left
-35.71466622,-5.420569669,1.808136569,-44.5768912,-69.07716937,-6.898057666,12.26638757,0.749664057,-0.978925469,38.47381544,4.469614937,2.622752842,-0.626887591,0.424466134,0.11274533,Left
-34.01402409,-5.398091506,3.310514313,-43.87881646,-60.99184943,-6.501661569,11.97225814,-0.012155176,-1.068383254,36.05474967,3.380820613,2.39933131,-0.932482151,0.420476337,0.251229939,Left
-34.06794656,-1.590043387,2.894318443,-33.54838788,9.199986142,-3.5141336,12.31268443,-1.110719893,-1.184411303,35.70318613,-0.029864899,3.248296388,-1.25508984,0.457179914,0.573733339,Left
-36.02501613,-1.72676457,-0.841590993,-32.60498636,13.90875289,0.834368775,13.41917681,0.031532519,-0.714168319,37.74903355,1.34715687,-1.065649441,-1.234258137,0.27070044,0.653403676,Left
-35.54324672,-3.913035821,-1.08578706,-31.58320205,19.52696704,3.872729381,13.0819097,0.197198452,-1.353681014,38.5850188,3.989870767,-0.438195821,-1.300564992,0.358393982,0.507108398,Left
-35.2668771,-5.555022374,2.382163599,-29.28110172,20.59297212,5.193528533,13.13428014,0.538496717,-1.362230187,37.14676404,6.623998181,3.490791294,-1.364247262,0.342495586,0.387257052,Left
-34.75893712,-6.775737245,3.331881552,-24.82167674,16.0045172,3.591267796,13.29976819,0.921079408,-1.474219662,37.10674137,7.322175919,3.786425233,-1.141915484,0.370364956,0.384344149,Left
-32.67592813,-7.510826639,3.94849682,-26.25843854,-23.64614972,4.032694386,12.46031656,1.16646155,-1.185362693,35.16472764,7.795046032,4.295333207,-1.226455497,0.406195105,0.456197263,Left
-27.51986743,2.93041289,8.935884318,-50.06034599,-142.5827087,5.285811624,11.95565097,0.594770574,-0.2465629,29.51966456,-1.85127108,10.28880523,-1.410138137,0.291356898,0.309113089,Left
-28.26616833,8.697642158,10.50549406,-38.55519462,-42.81948728,3.332430699,12.54824857,-0.42523538,0.089524123,30.18359747,-6.108869799,11.05253743,-1.298201493,0.236044554,0.010235426,Left
-33.88308926,-4.696102431,3.258083523,-32.57849211,2.120156943,2.8574981,12.71180875,-0.802465674,-0.748644414,34.96550027,5.483328372,2.759532252,-1.314304452,0.306659571,0.082240053,Left
-33.95057467,-5.252078322,1.908348459,-40.67644166,-65.97165644,-3.006419506,12.60829399,-0.755280237,-0.813494064,33.7404993,6.761363644,2.965593601,-1.412580741,0.355589798,0.168524348,Left
-33.49217523,2.635237525,5.534309987,-39.45093255,-55.00738871,-1.606746975,11.97512475,-0.826819326,-1.503314231,33.63694521,-2.089774868,7.740290433,-1.456576027,0.481911821,0.387519299,Left
-34.80456661,-0.429980162,5.13530404,-28.86952225,10.97202853,4.104533085,12.97508264,0.57480243,-1.072123172,34.89096346,2.387716457,4.600421247,-1.391404866,0.467438781,0.380616586,Left
-35.41660181,-5.864739702,2.754509511,-24.99983255,-18.87305407,-8.134459783,12.83006581,0.08219234,-1.129692679,35.92630244,7.33144007,2.06143952,-1.458536943,0.501474497,0.525420805,Left
-34.791692,-6.430790112,2.248051962,-30.95924553,-51.19895941,-8.185353641,11.7784044,-0.324032335,-0.473681818,36.75617119,6.315642062,1.984443,-1.207456055,0.424921092,0.637635939,Left
-34.0788966,-4.700434061,1.204592429,-53.61600451,-168.3572791,-0.795811524,12.23393218,0.610700582,-0.739332778,36.21289166,4.776015823,0.824778352,-1.150629871,0.281916351,0.455385073,Left
-34.09939676,-3.605522305,1.267969672,-47.88149827,-106.9159057,2.980039849,11.61891605,0.960487805,-0.601854239,36.70377003,3.414885436,0.856766894,-1.472523623,0.352977589,0.424312916,Left
-33.76156273,-0.954931631,0.150091778,-47.88149827,-106.9159057,2.980039849,11.61891605,0.960487805,-0.601854239,36.258896,-1.316849984,-0.03816981,-1.433898922,0.432767407,0.486853843,Left
-33.76156273,-0.954931631,0.150091778,-47.88149827,-106.9159057,2.980039849,11.61891605,0.960487805,-0.601854239,36.258896,-1.316849984,-0.03816981,-1.433898922,0.432767407,0.486853843,Left
-33.76156273,-0.954931631,0.150091778,-47.88149827,-106.9159057,2.980039849,11.61891605,0.960487805,-0.601854239,36.258896,-1.316849984,-0.03816981,-1.433898922,0.432767407,0.486853843,Left
-33.76156273,-0.954931631,0.150091778,-47.88149827,-106.9159057,2.980039849,11.61891605,0.960487805,-0.601854239,36.258896,-1.316849984,-0.03816981,-1.433898922,0.432767407,0.486853843,Left
-33.76156273,-0.954931631,0.150091778,-47.88149827,-106.9159057,2.980039849,11.61891605,0.960487805,-0.601854239,36.258896,-1.316849984,-0.03816981,-1.433898922,0.432767407,0.486853843,Left
-33.76156273,-0.954931631,0.150091778,-47.88149827,-106.9159057,2.980039849,11.61891605,0.960487805,-0.601854239,36.258896,-1.316849984,-0.03816981,-1.433898922,0.432767407,0.486853843,Left
-33.76156273,-0.954931631,0.150091778,-47.88149827,-106.9159057,2.980039849,11.61891605,0.960487805,-0.601854239,36.258896,-1.316849984,-0.03816981,-1.433898922,0.432767407,0.486853843,Left
-33.76156273,-0.954931631,0.150091778,-47.88149827,-106.9159057,2.980039849,11.61891605,0.960487805,-0.601854239,36.258896,-1.316849984,-0.03816981,-1.433898922,0.432767407,0.486853843,Left
-33.76156273,-0.954931631,0.150091778,-47.88149827,-106.9159057,2.980039849,11.61891605,0.960487805,-0.601854239,36.258896,-1.316849984,-0.03816981,-1.433898922,0.432767407,0.486853843,Left
-33.76156273,-0.954931631,0.150091778,-47.88149827,-106.9159057,2.980039849,11.61891605,0.960487805,-0.601854239,36.258896,-1.316849984,-0.03816981,-1.433898922,0.432767407,0.486853843,Left
-33.76156273,-0.954931631,0.150091778,-47.88149827,-106.9159057,2.980039849,11.61891605,0.960487805,-0.601854239,36.258896,-1.316849984,-0.03816981,-1.433898922,0.432767407,0.486853843,Left
-33.76156273,-0.954931631,0.150091778,-47.88149827,-106.9159057,2.980039849,11.61891605,0.960487805,-0.601854239,36.258896,-1.316849984,-0.03816981,-1.433898922,0.432767407,0.486853843,Left
-33.76156273,-0.954931631,0.150091778,-47.88149827,-106.9159057,2.980039849,11.61891605,0.960487805,-0.601854239,36.258896,-1.316849984,-0.03816981,-1.433898922,0.432767407,0.486853843,Left
-33.76156273,-0.954931631,0.150091778,-47.88149827,-106.9159057,2.980039849,11.61891605,0.960487805,-0.601854239,36.258896,-1.316849984,-0.03816981,-1.433898922,0.432767407,0.486853843,Left
-33.76156273,-0.954931631,0.150091778,-47.88149827,-106.9159057,2.980039849,11.61891605,0.960487805,-0.601854239,36.258896,-1.316849984,-0.03816981,-1.433898922,0.432767407,0.486853843,Left
-33.76156273,-0.954931631,0.150091778,-47.88149827,-106.9159057,2.980039849,11.61891605,0.960487805,-0.601854239,36.258896,-1.316849984,-0.03816981,-1.433898922,0.432767407,0.486853843,Left
-33.76156273,-0.954931631,0.150091778,-47.88149827,-106.9159057,2.980039849,11.61891605,0.960487805,-0.601854239,36.258896,-1.316849984,-0.03816981,-1.433898922,0.432767407,0.486853843,Left
-33.76156273,-0.954931631,0.150091778,-47.88149827,-106.9159057,2.980039849,11.61891605,0.960487805,-0.601854239,36.258896,-1.316849984,-0.03816981,-1.433898922,0.432767407,0.486853843,Left
-33.76156273,-0.954931631,0.150091778,-47.88149827,-106.9159057,2.980039849,11.61891605,0.960487805,-0.601854239,36.258896,-1.316849984,-0.03816981,-1.433898922,0.432767407,0.486853843,Left
-33.76156273,-0.954931631,0.150091778,-47.88149827,-106.9159057,2.980039849,11.61891605,0.960487805,-0.601854239,36.258896,-1.316849984,-0.03816981,-1.433898922,0.432767407,0.486853843,Left
-33.76156273,-0.954931631,0.150091778,-47.88149827,-106.9159057,2.980039849,11.61891605,0.960487805,-0.601854239,36.258896,-1.316849984,-0.03816981,-1.433898922,0.432767407,0.486853843,Left
-33.76156273,-0.954931631,0.150091778,-47.88149827,-106.9159057,2.980039849,11.61891605,0.960487805,-0.601854239,36.258896,-1.316849984,-0.03816981,-1.433898922,0.432767407,0.486853843,Left
-33.76156273,-0.954931631,0.150091778,-47.88149827,-106.9159057,2.980039849,11.61891605,0.960487805,-0.601854239,36.258896,-1.316849984,-0.03816981,-1.433898922,0.432767407,0.486853843,Left
-33.76156273,-0.954931631,0.150091778,-47.88149827,-106.9159057,2.980039849,11.61891605,0.960487805,-0.601854239,36.258896,-1.316849984,-0.03816981,-1.433898922,0.432767407,0.486853843,Left
-33.76156273,-0.954931631,0.150091778,-47.88149827,-106.9159057,2.980039849,11.61891605,0.960487805,-0.601854239,36.258896,-1.316849984,-0.03816981,-1.433898922,0.432767407,0.486853843,Left
-33.76156273,-0.954931631,0.150091778,-47.88149827,-106.9159057,2.980039849,11.61891605,0.960487805,-0.601854239,36.258896,-1.316849984,-0.03816981,-1.433898922,0.432767407,0.486853843,Left
-33.76156273,-0.954931631,0.150091778,-47.88149827,-106.9159057,2.980039849,11.61891605,0.960487805,-0.601854239,36.258896,-1.316849984,-0.03816981,-1.433898922,0.432767407,0.486853843,Left
-33.76156273,-0.954931631,0.150091778,-47.88149827,-106.9159057,2.980039849,11.61891605,0.960487805,-0.601854239,36.258896,-1.316849984,-0.03816981,-1.433898922,0.432767407,0.486853843,Left
-33.76156273,-0.954931631,0.150091778,-47.88149827,-106.9159057,2.980039849,11.61891605,0.960487805,-0.601854239,36.258896,-1.316849984,-0.03816981,-1.433898922,0.432767407,0.486853843,Left
-33.76156273,-0.954931631,0.150091778,-47.88149827,-106.9159057,2.980039849,11.61891605,0.960487805,-0.601854239,36.258896,-1.316849984,-0.03816981,-1.433898922,0.432767407,0.486853843,Left
-33.76156273,-0.954931631,0.150091778,-47.88149827,-106.9159057,2.980039849,11.61891605,0.960487805,-0.601854239,36.258896,-1.316849984,-0.03816981,-1.433898922,0.432767407,0.486853843,Left
-33.76156273,-0.954931631,0.150091778,-47.88149827,-106.9159057,2.980039849,11.61891605,0.960487805,-0.601854239,36.258896,-1.316849984,-0.03816981,-1.433898922,0.432767407,0.486853843,Left
-33.76156273,-0.954931631,0.150091778,-47.88149827,-106.9159057,2.980039849,11.61891605,0.960487805,-0.601854239,36.258896,-1.316849984,-0.03816981,-1.433898922,0.432767407,0.486853843,Left
-33.76156273,-0.954931631,0.150091778,-47.88149827,-106.9159057,2.980039849,11.61891605,0.960487805,-0.601854239,36.258896,-1.316849984,-0.03816981,-1.433898922,0.432767407,0.486853843,Left
-33.76156273,-0.954931631,0.150091778,-38.32071443,-47.57300831,3.8597248,10.68111249,-0.855815307,0.280020463,36.258896,-1.316849984,-0.03816981,-1.433898922,0.432767407,0.486853843,Left
-27.11754579,1.573088371,0.596474668,-25.06309886,-24.77108945,-23.52077525,-12.21358296,-42.69191479,2.067033534,28.97541841,-2.660734775,0.264329813,-0.945315295,-0.150580892,0.621633346,Left
0.893909479,108.1440106,25.03211078,-21.5085126,-31.64241195,-31.70135659,-33.34696908,-85.55219866,-0.472528526,1.315916811,-108.8973006,40.20635296,11.79695831,-20.64921635,1.544704466,Left
17.25863752,202.3100563,50.34282924,-25.26540341,1.936759408,0.051517057,5.778653299,-13.01664486,-0.512506344,-15.00610732,-201.3614891,76.25828935,22.88676919,-39.3460584,2.415440289,Left
-27.20527445,26.70364013,11.43267968,-36.43902471,-33.8116911,4.527284287,12.96679958,-0.030342083,-0.3886259,29.39836778,-24.58403256,13.9430539,2.114086738,-6.011894765,0.55644471,Left
-34.26113536,9.835533228,9.667776067,-37.80236384,-31.38008871,5.615408741,13.7374251,-0.548786758,-1.002647377,36.38210077,-6.461775479,8.525478304,-1.393813582,0.356000525,0.381239676,Left
-32.48735695,35.0838985,24.90625262,-31.07826681,8.246486634,5.330271964,12.0010967,-0.176605136,-0.825402484,34.88833418,-25.57069912,23.66268893,-1.254583075,0.365928606,0.405854971,Left
-32.44929125,10.20986807,13.06724788,-29.46956597,8.426157883,5.365356336,11.40768125,0.112286195,-1.129630387,34.65658221,-6.914161404,13.20585339,-1.083110097,0.293457736,0.305751452,Left
-32.44139319,-6.379457087,4.07019766,-30.23898187,8.846470405,5.754636339,12.9281499,0.002752574,-1.018505782,34.3836217,7.77562089,3.078284365,-1.003362671,0.312907809,0.36375674,Left
-35.72392321,-5.232945536,3.635255078,-31.09575644,17.51078957,5.003541124,13.46264047,0.595889448,-1.182265977,37.29059759,6.439385117,4.587016922,-0.832397968,0.371069741,0.263529488,Left
-36.32666548,-4.767086918,2.251525125,-30.76106871,20.50737592,2.721869821,13.67234045,0.58491902,-1.010301497,38.58631102,4.014830274,4.795323726,-0.909466343,0.505609324,0.325931049,Left
-36.48616558,-6.169028516,2.999921927,-29.80422167,20.50581888,1.864666449,13.67773767,0.445055076,-1.316194205,38.61600857,5.860337005,3.03660502,-1.17929924,0.482812503,0.299592898,Left
-36.73995349,-6.546680591,3.204727595,-30.26172821,26.76246684,3.120774327,14.06059869,0.745372694,-1.508487659,38.91544437,7.699700067,2.431958851,-1.449203208,0.455159166,0.356457332,Left
-36.43054009,-6.893616623,2.164317091,-31.09459864,23.83104954,3.206742848,14.14742643,0.389862628,-1.634015431,38.35879899,7.946341098,1.126925931,-1.409187768,0.406571499,0.3835055,Left
-36.83576352,-3.554810434,2.67701911,-31.00204415,19.10421352,3.937504616,13.36326723,0.499837918,-1.800014379,38.45379859,4.454196597,0.7857157,-1.406287532,0.274645356,0.416411307,Left
-36.81225816,1.310766567,6.225414176,-32.00184631,9.033281046,1.552331616,12.51261398,0.13491638,-1.69514193,38.63139615,1.099759064,5.764295032,-1.359165676,0.276826908,0.375963933,Left
-35.20298396,1.150312714,6.14138668,-31.77775796,14.56542454,-0.120573764,11.94481544,0.356028565,-0.992658905,37.82959961,0.855162798,7.4691319,-1.206257274,0.397954633,0.208599668,Left
-34.60367582,2.002209427,4.482634336,-31.00051557,21.43453149,4.065022768,13.67886724,0.28177896,-1.326882947,36.99402391,0.715134136,5.826561315,-1.151501177,0.452134497,0.280769043,Left
-36.88268689,-5.24459085,3.291303913,-31.14881435,22.00955224,3.335664878,14.41820184,0.013757066,-0.982599783,38.62664677,6.717965923,3.160747671,-1.300299415,0.512199567,0.479151878,Left
-37.52521623,-4.691401874,3.865274858,-30.26904009,23.41478306,3.679635168,13.94393155,0.09996326,-0.176438917,39.43701239,4.922750255,4.083222466,-1.392036602,0.404292681,0.483219783,Left
-36.12991248,-1.546116082,5.702841673,-30.16223966,24.21433962,4.786675937,13.25811686,-0.050378494,-0.198306491,38.49054576,0.65899295,6.604765859,-1.10408793,0.38023817,0.387685564,Left
-35.14650356,-1.013942642,6.336622618,-33.00427643,6.185911884,2.22981298,13.40677629,-0.327719401,-0.014944105,37.52353251,2.222321629,5.24960828,-1.011364099,0.360828644,0.21308811,Left
-31.66115483,12.7015058,13.74278346,-38.75090915,-45.18411402,-6.546309783,13.33353667,0.585919328,-0.416017117,34.80090326,-5.956067206,12.8700765,-1.386316871,0.407390315,0.456633757,Left
-25.88121079,7.507360638,14.38502428,-42.98959562,-54.55435115,3.250442573,13.46478277,0.943465906,-1.273287654,28.28917395,-2.121974334,13.87201155,-1.396737843,0.395690971,0.494141259,Left
-32.56035746,-7.273555607,5.265135387,-42.98959562,-54.55435115,3.250442573,13.46478277,0.943465906,-1.273287654,34.56216172,8.496272846,4.332359385,-1.309913209,0.276191291,0.373342135,Left
-32.56035746,-7.273555607,5.265135387,-36.15762517,-5.53303353,7.371937032,13.88454586,0.228440384,-1.435637143,34.56216172,8.496272846,4.332359385,-1.309913209,0.276191291,0.373342135,Left
-38.36909223,-7.91049899,2.777537604,-31.22017948,11.12234759,1.410369316,13.98143853,0.259297747,-1.186012283,39.50115021,9.066352876,2.026632797,-1.441594008,0.349046425,0.522939649,Left
-37.9903108,-5.520813168,3.248177278,-32.21916622,11.4419307,2.640524167,14.11762438,0.313224606,-1.341860962,39.47261368,7.458074783,3.267325385,-1.313719932,0.395047548,0.619166026,Left
-38.26419588,-7.205503091,3.095244548,-35.64705804,4.932438116,5.56612626,14.0617949,-0.308608951,-1.034953338,39.86507514,9.311121893,2.330661758,-1.237820105,0.393353384,0.665226165,Left
-37.95599075,-3.162719521,4.75079188,-41.05789992,-24.93895849,8.272139518,13.48683181,0.019622493,-0.860428724,39.80857802,5.973057735,4.414012882,-1.240099745,0.427409508,0.662562408,Left
-37.08910819,2.683454956,7.295739982,-36.08697114,-0.389632417,7.147099299,13.47886152,0.661728882,-1.1657598,39.11110223,0.350271202,6.65571551,-1.1916148,0.50832724,0.546814114,Left
-36.3931651,-5.332484688,4.626543294,-31.80162192,21.22029755,5.23391717,13.97439619,0.385212448,-1.195458605,38.94619614,6.840379461,3.503891607,-1.133098677,0.341766859,0.372064407,Left
-37.02922892,-3.63010238,6.086685852,-30.47066334,24.12401455,4.573958264,13.9463865,0.41580049,-0.988176241,39.35948661,4.280882079,6.390154157,-1.050007304,0.3068993,0.379621788,Left
-36.41190156,-1.209028617,6.263760638,-32.60976623,17.54708084,2.794669917,14.17017758,0.294631019,-1.053870603,38.5605186,1.736104146,7.553799781,-1.183902126,0.272548392,0.482590118,Left
-36.55662132,-5.381542,4.105812901,-34.60913608,9.059255371,1.113061903,14.03373324,0.130553747,-1.557851729,39.27850973,6.524116067,4.487748861,-1.366611222,0.34317097,0.545318536,Left
-37.15399749,-6.553106018,4.26735548,-32.0398706,17.18336326,4.294159746,13.30491546,0.469553897,-1.875522853,39.48432185,7.127727311,4.277689802,-1.520684789,0.481856828,0.535558396,Left
-35.96576719,-3.052380164,4.637152618,-29.97986735,20.69975942,1.689879979,13.59309212,0.038957643,-1.635594565,39.27521874,2.321818533,6.208896339,-1.469946365,0.315683912,0.379081402,Left
-34.21344026,-1.553343137,6.028953465,161.9608959,-97.22378486,15.26587262,-102.3686693,-74.88624312,-20.57178775,38.57706715,1.140023228,7.688147433,-1.242094531,0.30991476,0.217462296,Left
159.4284029,77.81602979,57.21963582,266.0913925,-28.6017636,40.51347488,-81.84764833,13.25390601,-17.23331157,-196.1813377,-78.372897,65.32191136,101.3185447,1.41445077,-2.513488676,Right
244.3090848,-23.5253354,32.64394842,301.0356743,-39.92202573,9.516834444,-104.0587995,9.501668351,-7.984736581,-285.0480206,34.30278905,39.53190225,0.192968198,-2.216814163,-3.309388994,Right
282.6866585,-0.506869781,-2.296276303,225.9267684,-20.60534715,9.717190554,-75.93390754,12.95090663,1.316241068,-328.7655229,0.829329105,8.596308316,1.036873135,-2.170567662,-3.292352456,Right
196.153779,-1.290088488,-14.59454628,104.7879959,2.14715126,17.97900782,-25.92340046,8.532372764,-5.485032449,-231.5630243,5.348880076,-5.089682125,0.820702082,-1.18300867,-1.130595246,Right
65.37254763,-9.661161827,6.35525617,47.45737914,10.75891986,7.216254329,-5.033616033,-0.618331615,-5.374168249,-82.93275885,18.98993884,11.29054258,-0.311843643,-0.113842423,-0.369950689,Right
13.49728214,-5.058329884,8.359878644,26.64548469,14.43093886,-1.605551227,-3.035589816,-1.852090315,-3.244824157,-18.82246813,12.87184212,6.55303276,-0.551544891,0.22107014,0.227881391,Right
17.18542707,-2.483624107,-2.327091308,55.05203447,7.994174109,6.820996202,-10.41073468,4.726556254,-4.107905483,-18.85273171,4.197298053,-4.698110307,-0.830061189,0.090781951,0.245789546,Right
53.58495138,-9.599352178,2.306444079,117.1195212,-12.98573914,2.541282788,-40.63214085,13.45220609,-6.947323796,-59.08807416,13.26819013,1.860246675,-0.209137596,-0.325624817,-1.295301014,Right
114.097466,-9.060584457,0.440288372,211.2301291,-33.51082274,-58.32333091,-90.05769424,17.43249658,20.71095412,-127.2988344,13.375377,-1.968036456,0.01331834,-0.95825941,-2.251399662,Right
216.7532745,38.7101587,-73.81413589,200.0048014,-34.80085096,-34.70323313,-68.82626776,11.85827488,13.75055641,-253.1375594,-59.87141883,-90.67463645,1.171396302,-1.478352862,-0.640970931,Right
174.7163861,30.69351606,-51.2271068,209.6316631,-31.981118,-11.28280443,-51.54809293,11.75304274,1.314608055,-205.2857738,-41.01410762,-53.76333933,0.993060257,-1.309249767,-1.437603187,Right
173.1973718,2.746768058,-17.83186574,217.1043949,-49.01416686,12.43522263,-52.96610151,16.6818877,-3.822346981,-193.3091178,0.532429369,-15.04413724,-0.227812021,-0.980238844,-2.132854684,Right
178.8713721,-15.94363624,5.150571963,214.8750128,-30.39218906,24.54364541,-62.14191047,20.28209061,-5.453496353,-208.8944096,26.27301355,5.276827548,-0.360390299,-1.291898426,-2.154049497,Right
203.8794568,-26.17897743,20.56410125,152.3552353,-16.04689809,13.73787494,-44.05507674,13.81443283,-6.957298745,-235.4889176,41.22252967,21.84312014,-0.452576748,-1.691047385,-2.765521016,Right
145.3967086,-16.47664365,16.8164004,120.9827426,-26.0819797,-7.992709538,-37.13390782,10.59236804,-2.585292669,-164.5832321,28.25739329,18.26163014,-0.38723986,-0.898684305,-2.278681481,Right
105.1407952,0.772458425,-1.537023407,74.78968427,-13.84166503,-3.32655655,-22.26508631,7.584728779,0.090034802,-123.0997827,10.95216177,-0.826259792,-0.546856655,-0.634283637,-1.750118892,Right
62.24999141,-1.29262936,-6.950155076,50.07729906,-9.127405001,2.178849691,-13.09781709,6.318657991,-3.143576041,-82.56176802,8.757864172,-5.622753821,-0.76838775,-0.405397201,-1.249548263,Right
53.51156791,-10.75979907,4.387620169,50.07729906,-9.127405001,2.178849691,-13.09781709,6.318657991,-3.143576041,-57.84176569,15.73553985,8.671007239,-0.864491883,-0.087007672,-0.597478629,Right
53.51156791,-10.75979907,4.387620169,103.1417617,-11.82178446,14.16843349,-37.04256493,12.6557704,-7.087075897,-57.84176569,15.73553985,8.671007239,-0.864491883,-0.087007672,-0.597478629,Right
107.6317112,-14.63202185,14.74241415,76.2043876,-12.53891009,-7.011732467,-22.53483071,7.471403487,-1.260602476,-129.1338702,26.21891347,21.23563044,-0.557544799,-0.730027846,-1.513977691,Right
67.77077608,-4.657893185,2.696057044,46.6732411,-5.988392171,-30.91079581,-15.05304302,-0.995919347,11.45368188,-83.85829088,11.42460764,4.191843433,-0.530355472,-0.467307657,-0.828168391,Right
42.62504459,23.51266344,-24.4035448,96.44058352,-19.20771224,-76.44209215,-39.75299513,-2.605955947,34.62936765,-49.97688241,-25.74298524,-27.97077453,-0.473566055,-0.153777262,-0.204871027,Right
104.7167142,56.43948523,-99.67815036,54.16730213,-18.82626028,-87.6928613,-25.34976161,-3.120234862,31.0131139,-112.1515587,-73.76427428,-109.4632659,0.400415822,-0.918052446,-1.248834359,Right
59.97160204,52.89092415,-109.1189279,-14.45750666,7.720943842,-23.31098073,3.397257975,-1.982382374,5.933948959,-63.39952702,-75.93242538,-117.8511636,0.703484339,-0.665937805,-0.736295505,Right
-6.131294381,11.8214868,-25.91298852,-11.68550179,17.72601334,-8.964614742,2.841656577,-3.838537761,3.55833789,6.465096087,-20.84775698,-34.64934052,0.399534965,0.34524701,0.243942637,Right
-2.314447723,14.50777218,-18.8712679,-7.531450644,18.87053636,-17.54668402,2.874126831,-2.076042114,7.636126265,-2.356451781,-10.95116432,-20.4918469,0.60458368,0.445046512,0.455804391,Right
-1.622809959,12.3773968,-26.59905336,-3.170939233,16.01861858,-20.6456007,-4.148976828,0.146510441,6.568717292,3.004642675,-13.28117688,-29.97016896,-0.116764512,0.252312397,0.250094572,Right
1.649163624,0.940930895,-13.26301582,13.7520605,11.24000556,-8.17230825,-17.25594675,1.727319119,0.748421019,4.480380332,-6.814939226,-22.18654504,-0.169156459,0.137727169,-0.052479271,Right
19.94346605,-5.570735988,-0.410338137,19.19147019,12.08298774,-11.8231232,-14.61508656,2.214952569,1.107384972,-17.8164634,6.512159154,-4.290541026,0.066783409,-0.255042141,-1.143083895,Right
24.16304165,-1.111830612,-4.552347385,17.58128216,10.18698299,-39.44327021,-4.774678404,0.072629914,7.021025259,-24.25361569,0.027874184,-12.10772574,-0.158979707,-0.230435055,-1.53859969,Right
14.8611464,13.00949301,-30.26488885,13.92256684,5.14893992,-50.67335735,-1.797334118,-3.257672383,9.063527426,-21.58591845,-18.69407421,-37.95196624,-0.30502317,0.085122513,-0.499728696,Right
2.647504092,17.94368361,-42.19470813,17.36731689,2.922341434,-37.36848995,-4.726208301,-1.90908152,8.260760363,-8.01730631,-20.62582079,-45.30388723,-0.58898824,0.209322925,0.234644815,Right
5.774545756,13.68670727,-30.12173726,19.8269198,12.39492183,-22.71889109,0.701532157,-2.765288698,3.713619497,-14.3721311,-17.81745785,-38.13004246,-0.446938437,0.134910587,0.245810969,Right
5.845222126,10.50220965,-22.5320148,25.34428832,14.24112843,-30.46244223,1.591800169,-1.361606319,6.052448911,-10.33335007,-14.30053579,-22.09248813,-1.018701189,0.21542232,0.358760885,Right
9.126215032,17.06096509,-28.66826079,42.07175053,11.87526317,-3.245971537,-4.670082898,4.052154266,-0.947798594,-12.35387367,-19.12412591,-27.99891555,-0.752687578,0.187100071,0.363580831,Right
36.95047163,-2.788266342,3.753967669,42.07175053,11.87526317,-3.245971537,-4.670082898,4.052154266,-0.947798594,-41.01591685,6.687003734,0.313212992,-0.967942188,-0.03111001,0.092157296,Right
36.95047163,-2.788266342,3.753967669,60.84905234,2.421569105,11.58407524,-14.51170765,6.269441596,-3.916109671,-41.01591685,6.687003734,0.313212992,-0.967942188,-0.03111001,0.092157296,Right
65.62709218,-16.77781142,15.64317634,79.273375,-1.636964152,2.841089485,-27.30797613,6.857055378,-0.062999484,-68.01499351,19.63663728,12.05954053,-1.043374112,-0.23943011,-0.561174108,Right
78.27577279,-4.811708583,4.704743371,79.273375,-1.636964152,2.841089485,-27.30797613,6.857055378,-0.062999484,-82.53594539,3.734480023,4.029842212,-0.652503862,-0.458594602,-1.156231656,Right
78.27577279,-4.811708583,4.704743371,79.273375,-1.636964152,2.841089485,-27.30797613,6.857055378,-0.062999484,-82.53594539,3.734480023,4.029842212,-0.652503862,-0.458594602,-1.156231656,Right
78.27577279,-4.811708583,4.704743371,79.273375,-1.636964152,2.841089485,-27.30797613,6.857055378,-0.062999484,-82.53594539,3.734480023,4.029842212,-0.652503862,-0.458594602,-1.156231656,Right
78.27577279,-4.811708583,4.704743371,79.273375,-1.636964152,2.841089485,-27.30797613,6.857055378,-0.062999484,-82.53594539,3.734480023,4.029842212,-0.652503862,-0.458594602,-1.156231656,Right
78.27577279,-4.811708583,4.704743371,79.273375,-1.636964152,2.841089485,-27.30797613,6.857055378,-0.062999484,-82.53594539,3.734480023,4.029842212,-0.652503862,-0.458594602,-1.156231656,Right
78.27577279,-4.811708583,4.704743371,79.273375,-1.636964152,2.841089485,-27.30797613,6.857055378,-0.062999484,-82.53594539,3.734480023,4.029842212,-0.652503862,-0.458594602,-1.156231656,Right
78.27577279,-4.811708583,4.704743371,79.273375,-1.636964152,2.841089485,-27.30797613,6.857055378,-0.062999484,-82.53594539,3.734480023,4.029842212,-0.652503862,-0.458594602,-1.156231656,Right
78.27577279,-4.811708583,4.704743371,79.273375,-1.636964152,2.841089485,-27.30797613,6.857055378,-0.062999484,-82.53594539,3.734480023,4.029842212,-0.652503862,-0.458594602,-1.156231656,Right
78.27577279,-4.811708583,4.704743371,79.273375,-1.636964152,2.841089485,-27.30797613,6.857055378,-0.062999484,-82.53594539,3.734480023,4.029842212,-0.652503862,-0.458594602,-1.156231656,Right
78.27577279,-4.811708583,4.704743371,79.273375,-1.636964152,2.841089485,-27.30797613,6.857055378,-0.062999484,-82.53594539,3.734480023,4.029842212,-0.652503862,-0.458594602,-1.156231656,Right
78.27577279,-4.811708583,4.704743371,79.273375,-1.636964152,2.841089485,-27.30797613,6.857055378,-0.062999484,-82.53594539,3.734480023,4.029842212,-0.652503862,-0.458594602,-1.156231656,Right
78.27577279,-4.811708583,4.704743371,79.273375,-1.636964152,2.841089485,-27.30797613,6.857055378,-0.062999484,-82.53594539,3.734480023,4.029842212,-0.652503862,-0.458594602,-1.156231656,Right
78.27577279,-4.811708583,4.704743371,79.273375,-1.636964152,2.841089485,-27.30797613,6.857055378,-0.062999484,-82.53594539,3.734480023,4.029842212,-0.652503862,-0.458594602,-1.156231656,Right
78.27577279,-4.811708583,4.704743371,79.273375,-1.636964152,2.841089485,-27.30797613,6.857055378,-0.062999484,-82.53594539,3.734480023,4.029842212,-0.652503862,-0.458594602,-1.156231656,Right
78.27577279,-4.811708583,4.704743371,79.273375,-1.636964152,2.841089485,-27.30797613,6.857055378,-0.062999484,-82.53594539,3.734480023,4.029842212,-0.652503862,-0.458594602,-1.156231656,Right
78.27577279,-4.811708583,4.704743371,79.273375,-1.636964152,2.841089485,-27.30797613,6.857055378,-0.062999484,-82.53594539,3.734480023,4.029842212,-0.652503862,-0.458594602,-1.156231656,Right
78.27577279,-4.811708583,4.704743371,79.273375,-1.636964152,2.841089485,-27.30797613,6.857055378,-0.062999484,-82.53594539,3.734480023,4.029842212,-0.652503862,-0.458594602,-1.156231656,Right
78.27577279,-4.811708583,4.704743371,79.273375,-1.636964152,2.841089485,-27.30797613,6.857055378,-0.062999484,-82.53594539,3.734480023,4.029842212,-0.652503862,-0.458594602,-1.156231656,Right
78.27577279,-4.811708583,4.704743371,79.273375,-1.636964152,2.841089485,-27.30797613,6.857055378,-0.062999484,-82.53594539,3.734480023,4.029842212,-0.652503862,-0.458594602,-1.156231656,Right
78.27577279,-4.811708583,4.704743371,79.273375,-1.636964152,2.841089485,-27.30797613,6.857055378,-0.062999484,-82.53594539,3.734480023,4.029842212,-0.652503862,-0.458594602,-1.156231656,Right
78.27577279,-4.811708583,4.704743371,79.273375,-1.636964152,2.841089485,-27.30797613,6.857055378,-0.062999484,-82.53594539,3.734480023,4.029842212,-0.652503862,-0.458594602,-1.156231656,Right
78.27577279,-4.811708583,4.704743371,79.273375,-1.636964152,2.841089485,-27.30797613,6.857055378,-0.062999484,-82.53594539,3.734480023,4.029842212,-0.652503862,-0.458594602,-1.156231656,Right
78.27577279,-4.811708583,4.704743371,79.273375,-1.636964152,2.841089485,-27.30797613,6.857055378,-0.062999484,-82.53594539,3.734480023,4.029842212,-0.652503862,-0.458594602,-1.156231656,Right
78.27577279,-4.811708583,4.704743371,79.273375,-1.636964152,2.841089485,-27.30797613,6.857055378,-0.062999484,-82.53594539,3.734480023,4.029842212,-0.652503862,-0.458594602,-1.156231656,Right
78.27577279,-4.811708583,4.704743371,79.273375,-1.636964152,2.841089485,-27.30797613,6.857055378,-0.062999484,-82.53594539,3.734480023,4.029842212,-0.652503862,-0.458594602,-1.156231656,Right
78.27577279,-4.811708583,4.704743371,79.273375,-1.636964152,2.841089485,-27.30797613,6.857055378,-0.062999484,-82.53594539,3.734480023,4.029842212,-0.652503862,-0.458594602,-1.156231656,Right
78.27577279,-4.811708583,4.704743371,79.273375,-1.636964152,2.841089485,-27.30797613,6.857055378,-0.062999484,-82.53594539,3.734480023,4.029842212,-0.652503862,-0.458594602,-1.156231656,Right
78.27577279,-4.811708583,4.704743371,79.273375,-1.636964152,2.841089485,-27.30797613,6.857055378,-0.062999484,-82.53594539,3.734480023,4.029842212,-0.652503862,-0.458594602,-1.156231656,Right
78.27577279,-4.811708583,4.704743371,79.273375,-1.636964152,2.841089485,-27.30797613,6.857055378,-0.062999484,-82.53594539,3.734480023,4.029842212,-0.652503862,-0.458594602,-1.156231656,Right
78.27577279,-4.811708583,4.704743371,79.273375,-1.636964152,2.841089485,-27.30797613,6.857055378,-0.062999484,-82.53594539,3.734480023,4.029842212,-0.652503862,-0.458594602,-1.156231656,Right
78.27577279,-4.811708583,4.704743371,79.273375,-1.636964152,2.841089485,-27.30797613,6.857055378,-0.062999484,-82.53594539,3.734480023,4.029842212,-0.652503862,-0.458594602,-1.156231656,Right
78.27577279,-4.811708583,4.704743371,79.273375,-1.636964152,2.841089485,-27.30797613,6.857055378,-0.062999484,-82.53594539,3.734480023,4.029842212,-0.652503862,-0.458594602,-1.156231656,Right
78.27577279,-4.811708583,4.704743371,79.273375,-1.636964152,2.841089485,-27.30797613,6.857055378,-0.062999484,-82.53594539,3.734480023,4.029842212,-0.652503862,-0.458594602,-1.156231656,Right
78.27577279,-4.811708583,4.704743371,79.273375,-1.636964152,2.841089485,-27.30797613,6.857055378,-0.062999484,-82.53594539,3.734480023,4.029842212,-0.652503862,-0.458594602,-1.156231656,Right
78.27577279,-4.811708583,4.704743371,79.273375,-1.636964152,2.841089485,-27.30797613,6.857055378,-0.062999484,-82.53594539,3.734480023,4.029842212,-0.652503862,-0.458594602,-1.156231656,Right
78.27577279,-4.811708583,4.704743371,79.273375,-1.636964152,2.841089485,-27.30797613,6.857055378,-0.062999484,-82.53594539,3.734480023,4.029842212,-0.652503862,-0.458594602,-1.156231656,Right
78.27577279,-4.811708583,4.704743371,79.273375,-1.636964152,2.841089485,-27.30797613,6.857055378,-0.062999484,-82.53594539,3.734480023,4.029842212,-0.652503862,-0.458594602,-1.156231656,Right
78.27577279,-4.811708583,4.704743371,79.273375,-1.636964152,2.841089485,-27.30797613,6.857055378,-0.062999484,-82.53594539,3.734480023,4.029842212,-0.652503862,-0.458594602,-1.156231656,Right
78.27577279,-4.811708583,4.704743371,79.273375,-1.636964152,2.841089485,-27.30797613,6.857055378,-0.062999484,-82.53594539,3.734480023,4.029842212,-0.652503862,-0.458594602,-1.156231656,Right
78.27577279,-4.811708583,4.704743371,79.273375,-1.636964152,2.841089485,-27.30797613,6.857055378,-0.062999484,-82.53594539,3.734480023,4.029842212,-0.652503862,-0.458594602,-1.156231656,Right
78.27577279,-4.811708583,4.704743371,79.273375,-1.636964152,2.841089485,-27.30797613,6.857055378,-0.062999484,-82.53594539,3.734480023,4.029842212,-0.652503862,-0.458594602,-1.156231656,Right
78.27577279,-4.811708583,4.704743371,79.273375,-1.636964152,2.841089485,-27.30797613,6.857055378,-0.062999484,-82.53594539,3.734480023,4.029842212,-0.652503862,-0.458594602,-1.156231656,Right
78.27577279,-4.811708583,4.704743371,79.273375,-1.636964152,2.841089485,-27.30797613,6.857055378,-0.062999484,-82.53594539,3.734480023,4.029842212,-0.652503862,-0.458594602,-1.156231656,Right
78.27577279,-4.811708583,4.704743371,79.273375,-1.636964152,2.841089485,-27.30797613,6.857055378,-0.062999484,-82.53594539,3.734480023,4.029842212,-0.652503862,-0.458594602,-1.156231656,Right
78.27577279,-4.811708583,4.704743371,79.273375,-1.636964152,2.841089485,-27.30797613,6.857055378,-0.062999484,-82.53594539,3.734480023,4.029842212,-0.652503862,-0.458594602,-1.156231656,Right
78.27577279,-4.811708583,4.704743371,79.273375,-1.636964152,2.841089485,-27.30797613,6.857055378,-0.062999484,-82.53594539,3.734480023,4.029842212,-0.652503862,-0.458594602,-1.156231656,Right
78.27577279,-4.811708583,4.704743371,79.273375,-1.636964152,2.841089485,-27.30797613,6.857055378,-0.062999484,-82.53594539,3.734480023,4.029842212,-0.652503862,-0.458594602,-1.156231656,Right
78.27577279,-4.811708583,4.704743371,79.273375,-1.636964152,2.841089485,-27.30797613,6.857055378,-0.062999484,-82.53594539,3.734480023,4.029842212,-0.652503862,-0.458594602,-1.156231656,Right
78.27577279,-4.811708583,4.704743371,79.273375,-1.636964152,2.841089485,-27.30797613,6.857055378,-0.062999484,-82.53594539,3.734480023,4.029842212,-0.652503862,-0.458594602,-1.156231656,Right
78.27577279,-4.811708583,4.704743371,79.273375,-1.636964152,2.841089485,-27.30797613,6.857055378,-0.062999484,-82.53594539,3.734480023,4.029842212,-0.652503862,-0.458594602,-1.156231656,Right
78.27577279,-4.811708583,4.704743371,79.273375,-1.636964152,2.841089485,-27.30797613,6.857055378,-0.062999484,-82.53594539,3.734480023,4.029842212,-0.652503862,-0.458594602,-1.156231656,Right
78.27577279,-4.811708583,4.704743371,79.273375,-1.636964152,2.841089485,-27.30797613,6.857055378,-0.062999484,-82.53594539,3.734480023,4.029842212,-0.652503862,-0.458594602,-1.156231656,Right
78.27577279,-4.811708583,4.704743371,79.273375,-1.636964152,2.841089485,-27.30797613,6.857055378,-0.062999484,-82.53594539,3.734480023,4.029842212,-0.652503862,-0.458594602,-1.156231656,Right
78.27577279,-4.811708583,4.704743371,79.273375,-1.636964152,2.841089485,-27.30797613,6.857055378,-0.062999484,-82.53594539,3.734480023,4.029842212,-0.652503862,-0.458594602,-1.156231656,Right
78.27577279,-4.811708583,4.704743371,79.273375,-1.636964152,2.841089485,-27.30797613,6.857055378,-0.062999484,-82.53594539,3.734480023,4.029842212,-0.652503862,-0.458594602,-1.156231656,Right
78.27577279,-4.811708583,4.704743371,79.273375,-1.636964152,2.841089485,-27.30797613,6.857055378,-0.062999484,-82.53594539,3.734480023,4.029842212,-0.652503862,-0.458594602,-1.156231656,Right
78.27577279,-4.811708583,4.704743371,79.273375,-1.636964152,2.841089485,-27.30797613,6.857055378,-0.062999484,-82.53594539,3.734480023,4.029842212,-0.652503862,-0.458594602,-1.156231656,Right
78.27577279,-4.811708583,4.704743371,79.273375,-1.636964152,2.841089485,-27.30797613,6.857055378,-0.062999484,-82.53594539,3.734480023,4.029842212,-0.652503862,-0.458594602,-1.156231656,Right
78.27577279,-4.811708583,4.704743371,79.273375,-1.636964152,2.841089485,-27.30797613,6.857055378,-0.062999484,-82.53594539,3.734480023,4.029842212,-0.652503862,-0.458594602,-1.156231656,Right
